
INSERT INTO `azienda` (`ID`, `nome_azienda`) VALUES
(5, 'EXATEC'),
(4, 'LA VECCHIA '),
(3, 'LIMA'),
(2, 'MEDITECNICA'),
(1, 'MUSCOLINO');




INSERT INTO `intervento` (`ID`, `descrizione_intervento`, `data_intervento`, `id_struttura`, `id_tipo_impianto`, `id_medico`, `id_azienda`, `id_specialist`) VALUES
(1, 'PROTESI ANCA', '2024-01-08', 1, 1, 1, 1, 1),
(2, 'PROTESI GINOCCHIO', '2024-01-08', 1, 3, 1, 1, 1),
(3, 'PROTESI ANCA', '2024-01-09', 1, 1, 3, 1, 1),
(4, 'PROTESI GINOCCHIO', '2024-01-10', 1, 4, 6, 2, 4),
(5, 'PROTESI ANCA', '2024-01-09', 1, 1, 3, 1, 1),
(6, 'PROTESI GINOCCHIO', '2024-01-09', 1, 5, 3, 3, 3),
(7, 'PROTESI ANCA', '2024-01-10', 1, 6, 1, 1, 1),
(8, 'PROTESI SPALLA', '2024-01-10', 1, 7, 1, 1, 1),
(9, 'PROTESI GINOCCHIO', '2024-01-10', 1, 8, 1, 1, 1),
(10, 'PROTESI ANCA', '2024-01-10', 1, 9, 1, 3, 3),
(11, 'PROTESI MONO', '2024-01-10', 1, 10, 1, 2, 4),
(12, 'PROTESI GINOCCHIO', '2024-01-10', 1, 4, 1, 2, 4),
(13, 'PROTESI GINOCCHIO', '2024-01-11', 1, 11, 4, 1, 2),
(14, 'PROTESI GINOCCHIO', '2024-01-11', 1, 11, 4, 1, 2),
(15, 'PROTESI GINOCCHIO', '2024-01-11', 1, 5, 5, 3, 3),
(16, 'PROTESI GINOCCHIO', '2024-01-11', 1, 12, 5, 2, 4),
(17, 'FRATTURA MALLEOLO', '2024-01-11', 1, 13, 5, 1, 1),
(18, 'PROTESI MONO', '2024-01-12', 1, 10, 1, 2, 4),
(19, 'PROTESI GINOCCHIO', '2024-01-11', 1, 14, 1, 2, 4),
(20, 'PROTESI GINOCCHIO', '2024-01-11', 1, 14, 1, 2, 4),
(21, 'PROTESI ANCA', '2024-01-24', 1, 1, 3, 1, 1),
(23, 'PROTESI GINOCCHIO', '2024-01-11', 1, 4, 7, 2, 4),
(25, 'PROTESI SPALLA', '2024-01-15', 1, 7, 6, 1, 1),
(27, 'PROTESI ANCA', '2024-01-15', 1, 15, 1, 2, 4),
(29, 'PROTESI GINOCCHIO', '2024-01-16', 1, 16, 3, 2, 4),
(30, 'PROTESI GINOCCHIO', '2024-01-16', 1, 11, 3, 1, 1),
(31, 'ENDO PROTESI ANCA ', '2024-01-16', 3, 17, 9, 1, 1),
(32, 'PROTESI GINOCCHIO', '2024-01-17', 1, 4, 6, 2, 4),
(33, 'PROTESI ANCA', '2024-01-18', 1, 1, 5, 1, 1),
(34, 'REVISIONE ANCA', '2024-01-18', 4, 18, 10, 1, 1),
(35, 'CHIODO FEMORALE RETROGRADO', '2024-01-18', 1, 19, 5, 1, 1),
(36, 'FRATTURA FEMORE ', '2024-01-18', 1, 20, 5, 1, 1),
(37, 'PROTESI GINOCCHIO', '2024-01-18', 1, 5, 5, 3, 3),
(38, 'PROTESI GINOCCHIO', '2024-01-19', 1, 3, 1, 1, 1),
(39, 'PROTESI GINOCCHIO', '2024-01-19', 1, 3, 1, 1, 1),
(40, 'PROTESI GINOCCHIO', '2024-01-19', 1, 3, 1, 1, 1),
(41, 'PROTESI GINOCCHIO', '2024-01-19', 1, 5, 1, 3, 3),
(42, 'PROTESI ANCA', '2024-01-19', 1, 1, 3, 1, 1),
(43, 'PROTESI ANCA', '2024-01-19', 1, 1, 3, 1, 1),
(44, 'PROTESI GINOCCHIO', '2024-01-19', 1, 5, 3, 3, 3),
(45, 'PROTESI SPALLA', '2024-01-20', 1, 21, 6, 1, 1),
(46, 'PROTESI GINOCCHIO', '2024-01-20', 1, 3, 1, 1, 1),
(47, 'PROTESI ANCA', '2024-01-20', 1, 1, 1, 1, 1),
(48, 'PROTESI SPALLA', '2024-01-20', 1, 7, 1, 1, 1),
(49, 'PROTESI SPALLA', '2024-01-20', 1, 7, 6, 1, 1),
(50, 'PROTESI ANCA', '2024-01-22', 1, 22, 7, 2, 4),
(51, 'PROTESI ANCA', '2024-01-22', 1, 1, 1, 1, 1),
(52, 'PROTESI GINOCCHIO', '2024-01-22', 1, 3, 5, 1, 1),
(53, 'ENDOPROTESI ANCA ', '2024-01-22', 3, 17, 9, 1, 1),
(54, 'PROTESI ANCA', '2024-01-23', 1, 23, 3, 1, 1),
(55, 'PROTESI GINOCCHIO', '2024-01-23', 1, 11, 3, 1, 1),
(56, 'PROTESI GINOCCHIO', '2024-01-24', 1, 5, 1, 3, 3),
(57, 'PROTESI MONO', '2024-01-24', 1, 10, 1, 2, 4),
(58, 'PROTESI GINOCCHIO', '2024-01-24', 1, 3, 1, 1, 1),
(59, 'PROTESI GINOCCHIO', '2024-01-24', 1, 3, 1, 1, 1),
(60, 'PROTESI ANCA', '2024-01-11', 1, 1, 1, 1, 1),
(61, 'PROTESI ANCA', '2024-01-24', 1, 1, 1, 1, 1),
(62, 'ENDO PROTESI ANCA', '2024-01-25', 3, 17, 9, 1, 1),
(63, 'PROTESI GINOCCHIO', '2024-01-25', 1, 11, 4, 1, 1),
(64, 'PROTESI ANCA', '2024-01-25', 1, 1, 5, 1, 1),
(65, 'FRATTURA POLSO ', '2024-01-25', 1, 24, 5, 1, 1),
(66, 'PROTESI ANCA', '2024-01-25', 1, 9, 4, 3, 3),
(67, 'PROTESI ANCA', '2024-01-26', 1, 6, 1, 1, 1),
(68, 'PROTESI GINOCCHIO', '2024-01-26', 1, 3, 1, 1, 1),
(69, 'PROTESI MONO', '2024-01-26', 1, 10, 1, 2, 4),
(70, 'PROTESI ANCA', '2024-01-26', 1, 9, 7, 3, 3),
(71, 'PROTESI GINOCCHIO', '2024-01-26', 1, 11, 3, 1, 1),
(72, 'PROTESI GINOCCHIO', '2024-01-29', 1, 4, 7, 2, 4),
(73, 'PROTESI GINOCCHIO', '2024-01-29', 1, 3, 1, 1, 1),
(74, 'PROTESI GINOCCHIO', '2024-01-29', 1, 3, 1, 1, 1),
(75, 'PROTESI ANCA', '2024-01-29', 1, 1, 1, 1, 1),
(76, 'PROTESI GINOCCHIO', '2024-01-30', 1, 5, 3, 3, 3),
(77, 'PROTESI GINOCCHIO', '2024-01-30', 1, 11, 11, 1, 1),
(78, 'PROTESI SPALLA ', '2024-01-31', 1, 7, 6, 1, 1),
(79, 'PROTESI GINOCCHIO', '2024-01-31', 1, 3, 1, 1, 1),
(80, 'PROTESI GINOCCHIO', '2024-01-31', 1, 3, 1, 1, 1),
(81, 'PROTESI GINOCCHIO', '2024-01-31', 1, 3, 1, 1, 1),
(82, 'PROTESI MONO', '2024-01-31', 1, 25, 1, 1, 1),
(83, 'PROTESI GINOCCHIO', '2024-02-01', 1, 11, 4, 1, 1),
(84, 'PROTESI GINOCCHIO', '2024-02-01', 1, 11, 4, 1, 1),
(85, 'PROTESI ANCA', '2024-02-01', 1, 9, 4, 3, 3),
(86, 'PROTESI GINOCCHIO', '2024-02-01', 1, 5, 5, 3, 3),
(87, 'PROTESI GINOCCHIO', '2024-02-02', 1, 5, 7, 3, 3),
(88, 'PROTESI GINOCCHIO', '2024-02-02', 1, 4, 3, 2, 4),
(89, 'PROTESI GINOCCHIO', '2024-02-02', 1, 11, 3, 1, 1),
(90, 'PROTESI ANCA', '2024-02-05', 1, 1, 6, 1, 1),
(91, 'PROTESI GINOCCHIO', '2024-02-05', 1, 3, 1, 1, 2),
(92, 'PROTESI GINOCCHIO', '2024-02-05', 1, 3, 1, 1, 2),
(93, 'PROTESI ANCA', '2024-02-05', 1, 9, 5, 3, 3),
(94, 'PROTESI GINOCCHIO', '2024-02-06', 1, 11, 3, 1, 2),
(95, 'PROTESI ANCA', '2024-02-07', 1, 6, 1, 1, 2),
(96, 'PROTESI ANCA', '2024-02-07', 1, 6, 1, 1, 2),
(97, 'PROTESI GINOCCHIO', '2024-02-07', 1, 3, 1, 1, 2),
(98, 'PROTESI MONO ', '2024-02-07', 1, 10, 1, 2, 4),
(99, 'PROTESI MONO', '2024-02-07', 1, 10, 1, 2, 4),
(100, 'PROTESI ANCA', '2024-02-08', 1, 1, 5, 1, 2),
(101, 'PROTESI ANCA', '2024-02-08', 1, 1, 5, 1, 2),
(102, 'PROTESI GINOCCHIO', '2024-02-09', 1, 3, 1, 1, 2),
(103, 'PROTESI ANCA', '2024-02-09', 1, 9, 1, 3, 3),
(104, 'PROTESI ANCA', '2024-02-09', 1, 1, 3, 1, 2),
(105, 'PROTESI GINOCCHIO', '2024-02-09', 1, 11, 3, 1, 2),
(106, 'PROTESI ANCA', '2024-02-12', 1, 1, 7, 1, 1),
(107, 'ENDO PROTESI ANCA', '2024-02-12', 3, 17, 9, 1, 1),
(108, 'PROTESI ANCA', '2024-02-12', 1, 1, 1, 1, 1),
(109, 'PROTESI ANCA', '2024-02-12', 1, 9, 1, 3, 3),
(110, 'PROTESI GINOCCHIO', '2024-02-12', 1, 3, 1, 1, 1),
(111, 'PROTESI GINOCCHIO', '2024-02-13', 1, 5, 3, 3, 3),
(112, 'PROTESI GINOCCHIO', '2024-02-13', 1, 11, 12, 1, 5),
(113, 'PROTESI ANCA', '2024-02-13', 1, 1, 7, 1, 2),
(114, 'PROTESI GINOCCHIO', '2024-02-14', 1, 4, 1, 2, 4),
(115, 'PROTESI MONO', '2024-02-14', 1, 10, 1, 2, 4),
(116, 'PROTESI ANCA', '2024-02-14', 1, 22, 1, 2, 4),
(117, 'PROTESI SPALLA', '2024-02-14', 1, 7, 6, 1, 1),
(118, 'PROTESI GINOCCHIO', '2024-02-14', 1, 3, 1, 1, 1),
(119, 'PROTESI GINOCCHIO', '2024-02-14', 1, 3, 1, 1, 1),
(120, 'PROTESI GINOCCHIO', '2024-02-14', 1, 3, 5, 1, 1),
(121, 'REVISIONE GINOCCHIO ', '2024-02-15', 1, 26, 5, 2, 6),
(122, 'PROTESI SPALLA', '2024-02-15', 1, 7, 5, 1, 1),
(123, 'PROTESI CAPITELLO', '2024-02-15', 1, 27, 5, 1, 7),
(124, 'PROTESI GINOCCHIO', '2024-02-15', 1, 11, 4, 1, 7),
(125, 'PROTESI GINOCCHIO', '2024-02-15', 1, 28, 4, 1, 7),
(126, 'REVISIONE GINOCCHIO ', '2024-02-15', 1, 29, 4, 1, 7),
(127, 'PROTESI ANCA', '2024-02-15', 1, 9, 4, 1, 3),
(128, 'ENDO PROTESI ANCA', '2024-02-16', 3, 17, 9, 1, 1),
(129, 'PROTESI GINOCCHIO', '2024-02-16', 1, 5, 3, 3, 3),
(130, 'PROTESI ANCA', '2024-02-19', 1, 1, 6, 1, 1),
(131, 'PROTESI GINOCCHIO', '2024-02-19', 1, 3, 1, 1, 1),
(132, 'PROTESI ANCA', '2024-02-19', 1, 9, 1, 3, 3),
(133, 'PROTESI MONO ', '2024-02-19', 1, 10, 1, 2, 4),
(134, 'PROTESI ANCA', '2024-02-20', 1, 1, 3, 1, 7),
(135, 'PROTESI GINOCCHIO', '2024-02-20', 1, 11, 12, 1, 7),
(136, 'FRATTURA OMERO', '2024-02-20', 1, 30, 3, 1, 7),
(137, 'PROTESI ANCA', '2024-02-21', 1, 6, 1, 1, 7),
(138, 'PROTESI ANCA', '2024-02-21', 1, 6, 1, 1, 7),
(139, 'PROTESI GINOCCHIO', '2024-02-21', 1, 3, 1, 1, 7),
(140, 'PROTESI GINOCCHIO', '2024-02-21', 1, 3, 1, 1, 7),
(141, 'PROTESI ANCA', '2024-02-21', 1, 1, 6, 1, 7),
(142, 'ENDO PROTESI ANCA ', '2024-02-20', 3, 17, 9, 1, 1),
(143, 'REVISIONE GINOCCHIO', '2024-02-22', 1, 31, 4, 1, 1),
(144, 'PROTESI GINOCCHIO', '2024-02-22', 1, 11, 4, 1, 1),
(145, 'PROTESI GINOCCHIO', '2024-02-22', 1, 11, 4, 1, 1),
(146, 'REVISIONE GINOCCHIO', '2024-02-22', 1, 32, 4, 2, 4),
(147, 'PROTESI GINOCCHIO', '2024-02-22', 1, 12, 5, 2, 4),
(148, 'PROTESI GINOCCHIO', '2024-02-22', 1, 5, 5, 3, 8),
(149, 'FRATTURA PIATTO TIBIALE ', '2024-02-22', 1, 33, 5, 1, 1),
(150, 'PROTESI GINOCCHIO', '2024-02-23', 1, 5, 7, 3, 3),
(151, 'PROTESI ANCA', '2024-02-23', 1, 9, 1, 3, 3),
(153, 'PROTESI GINOCCHIO', '2024-02-23', 1, 3, 1, 1, 1),
(154, 'PROTESI GINOCCHIO', '2024-02-23', 1, 11, 3, 1, 1),
(155, 'PROTESI ANCA', '2024-02-26', 1, 22, 7, 2, 4),
(156, 'PROTESI ANCA', '2024-02-26', 1, 1, 1, 1, 1),
(157, 'PROTESI GINOCCHIO', '2024-02-26', 1, 3, 1, 1, 7),
(158, 'REVISIONE ANCA', '2024-02-27', 1, 15, 3, 2, 9),
(159, 'PROTESI GINOCCHIO', '2024-02-27', 1, 11, 7, 1, 1),
(160, 'PROTESI ANCA', '2024-02-28', 1, 22, 1, 2, 4),
(161, 'PROTESI GINOCCHIO', '2024-02-28', 1, 4, 1, 2, 4),
(162, 'PROTESI ANCA', '2024-02-28', 1, 1, 1, 1, 7),
(163, 'PROTESI GINOCCHIO', '2024-02-28', 1, 3, 1, 1, 7),
(164, 'PROTESI GINOCCHIO', '2024-02-28', 1, 3, 1, 1, 7),
(165, 'FRATTURA CLAVICOLA', '2024-02-28', 1, 34, 6, 1, 7),
(166, 'PROTESI ANCA', '2024-02-29', 1, 1, 5, 1, 1),
(167, 'PROTESI GINOCCHIO', '2024-02-29', 1, 11, 4, 1, 10),
(168, 'PROTESI MONO ', '2024-02-29', 1, 35, 4, 1, 10),
(170, 'PROTESI ANCA', '2024-03-01', 1, 22, 1, 2, 4),
(171, 'REVISIONE GINOCCHIO', '2024-03-01', 1, 32, 1, 2, 13),
(172, 'PROTESI GINOCCHIO', '2024-03-01', 1, 3, 1, 1, 7),
(173, 'PROTESI GINOCCHIO', '2024-03-01', 1, 11, 3, 1, 7),
(174, 'PROTESI GINOCCHIO', '2024-03-01', 1, 36, 3, 1, 7),
(175, 'PROTESI GINOCCHIO', '2024-01-08', 1, 4, 1, 2, 4),
(176, 'PROTESI GINOCCHIO', '2024-02-14', 1, 4, 1, 2, 4),
(177, 'PROTESI GINOCCHIO', '2024-02-21', 1, 4, 1, 2, 4),
(178, 'PROTESI GINOCCHIO', '2024-02-26', 1, 4, 1, 2, 4),
(179, 'ARTRODESI FALANGI ', '2024-03-02', 1, 37, 13, 1, 1),
(180, 'PROTESI SPALLA', '2024-03-04', 1, 7, 6, 1, 1),
(181, 'PROTESI SPALLA ', '2024-03-04', 1, 7, 1, 1, 7),
(182, 'PROTESI GINOCCHIO', '2024-03-04', 1, 3, 1, 1, 7),
(183, 'PROTESI GINOCCHIO', '2024-03-04', 1, 3, 1, 1, 7),
(184, 'PROTESI GINOCCHIO', '2024-03-05', 1, 11, 3, 1, 1),
(185, 'PROTESI GINOCCHIO', '2024-03-05', 1, 32, 11, 2, 13),
(186, 'PROTESI GINOCCHIO', '2024-03-05', 1, 4, 7, 2, 4),
(187, 'PROTESI ANCA', '2024-03-06', 1, 6, 1, 1, 7),
(188, 'PROTESI ANCA', '2024-03-06', 1, 6, 1, 1, 1),
(189, 'REVISIONE ANCA', '2024-03-06', 1, 15, 1, 2, 4),
(190, 'PROTESI GINOCCHIO', '2024-03-06', 1, 4, 1, 2, 4),
(191, 'PROTESI ANCA', '2024-03-07', 1, 9, 5, 3, 3),
(192, 'PROTESI ANCA', '2024-03-07', 1, 1, 5, 1, 1),
(193, 'PROTESI ANCA', '2024-03-07', 1, 1, 5, 1, 1),
(194, 'FRATTURA POLSO ', '2024-03-07', 1, 24, 5, 1, 1),
(195, 'PROTESI ANCA', '2024-03-08', 1, 9, 1, 3, 3),
(196, 'PROTESI ANCA', '2024-03-08', 1, 9, 1, 3, 3),
(197, 'PROTESI GINOCCHIO', '2024-03-08', 1, 3, 1, 1, 7),
(198, 'REVISIONE GINOCCHIO', '2024-03-08', 1, 32, 1, 2, 13),
(199, 'PROTESI ANCA', '2024-03-09', 1, 1, 6, 1, 1),
(200, 'PROTESI GINOCCHIO', '2024-03-09', 1, 3, 1, 1, 1),
(201, 'PROTESI ANCA', '2024-03-09', 1, 15, 1, 2, 4),
(202, 'PROTESI INFETTA ', '2024-03-09', 1, 40, 1, 1, 1),
(203, 'PROTESI ANCA', '2024-03-11', 1, 1, 7, 1, 7),
(204, 'PROTESI ANCA', '2024-03-11', 1, 1, 1, 1, 7),
(205, 'PROTESI GINOCCHIO', '2024-03-11', 1, 3, 1, 1, 7),
(206, 'PROTESI ANCA', '2024-03-11', 1, 9, 1, 3, 8),
(207, 'PROTESI ANCA', '2024-02-06', 3, 17, 9, 1, 1),
(208, 'ENDO PROTESI', '2024-02-07', 3, 17, 9, 1, 1),
(209, 'ENDO PROTESI', '2024-02-05', 3, 17, 9, 1, 1),
(210, 'PROTESI ANCA', '2024-03-12', 1, 1, 3, 1, 7),
(211, 'PROTESI ANCA', '2024-03-12', 1, 1, 12, 1, 7),
(212, 'REVISIONE ENDO ', '2024-03-13', 3, 41, 14, 1, 1),
(213, 'PROTESI SPALLA ', '2024-03-13', 1, 7, 1, 1, 14),
(214, 'PROTESI ANCA', '2024-03-13', 1, 15, 1, 2, 4),
(215, 'PROTESI ANCA', '2024-03-13', 1, 15, 1, 2, 4),
(216, 'PROTESI ANCA', '2024-03-13', 1, 15, 1, 2, 4),
(217, 'PROTESI GINOCCHIO', '2024-03-13', 1, 4, 1, 2, 4),
(218, 'ENDO PROTESI', '2024-03-11', 3, 17, 9, 1, 1),
(219, 'PROTESI GINOCCHIO', '2024-03-14', 1, 12, 5, 2, 4),
(220, 'PROTESI ANCA', '2024-03-15', 1, 9, 1, 3, 3),
(221, 'PROTESI GINOCCHIO', '2024-03-14', 1, 11, 4, 1, 7),
(222, 'PROTESI GINOCCHIO', '2024-03-14', 1, 11, 4, 1, 7),
(223, 'PROTESI GINOCCHIO', '2024-03-15', 1, 3, 1, 1, 7),
(224, 'PROTESI GINOCCHIO', '2024-03-15', 1, 3, 1, 1, 7),
(225, 'FRATTURA FEMORE ', '2024-03-14', 1, 42, 5, 1, 1),
(226, 'FRATTURA PERONE', '2024-03-15', 1, 43, 5, 1, 1),
(228, 'ENDO PROTESI', '2024-03-15', 3, 17, 9, 1, 1),
(229, 'PROTESI GINOCCHIO', '2024-03-18', 1, 4, 6, 2, 4),
(230, 'PROTESI GINOCCHIO', '2024-03-18', 1, 4, 1, 2, 4),
(231, 'PROTESI ANCA', '2024-03-18', 1, 9, 1, 3, 3),
(232, 'PROTESI GINOCCHIO', '2024-03-18', 1, 3, 1, 1, 1),
(233, 'PROTESI GINOCCHIO', '2024-03-19', 1, 11, 3, 1, 7),
(234, 'PROTESI SPALLA ', '2024-03-19', 4, 7, 4, 1, 10),
(235, 'PROTESI ANCA', '2024-03-20', 1, 6, 1, 1, 7),
(236, 'PROTESI GINOCCHIO', '2024-03-20', 1, 3, 1, 1, 7),
(237, 'PROTESI GINOCCHIO', '2024-03-20', 1, 3, 1, 1, 7),
(238, 'PROTESI GINOCCHIO', '2024-03-20', 1, 4, 1, 2, 4),
(239, 'REVISIONE GINOCCHIO ', '2024-03-20', 1, 26, 1, 2, 13),
(240, 'PROTESI GINOCCHIO', '2024-03-21', 1, 12, 5, 2, 4),
(241, 'PROTESI GINOCCHIO', '2024-03-21', 1, 12, 5, 2, 4),
(242, 'PROTESI ANCA', '2024-03-21', 1, 9, 5, 3, 3),
(243, 'PROTESI ANCA', '2024-03-21', 1, 9, 4, 3, 3),
(244, 'PROTESI GINOCCHIO', '2024-03-22', 1, 3, 1, 1, 7),
(245, 'PROTESI GINOCCHIO', '2024-03-22', 1, 4, 1, 2, 4),
(246, 'PROTESI GINOCCHIO', '2024-03-22', 1, 3, 1, 1, 7),
(247, 'REVISIONE GINOCCHIO ', '2024-03-22', 1, 29, 1, 1, 1),
(248, 'PROTESI GINOCCHIO', '2024-03-22', 1, 11, 3, 1, 7),
(249, 'PROTESI ANCA', '2024-03-22', 1, 1, 5, 1, 7),
(250, 'ENDO PROTESI', '2024-03-22', 3, 17, 9, 1, 1),
(251, 'PROTESI ANCA', '2024-03-25', 1, 1, 7, 1, 7),
(252, 'PROTESI GINOCCHIO', '2024-03-25', 1, 3, 1, 1, 7),
(253, 'PROTESI ANCA', '2024-03-25', 1, 22, 1, 2, 7),
(254, 'PROTESI GINOCCHIO', '2024-03-25', 1, 3, 1, 1, 7),
(255, 'ENDO PROTESI', '2024-03-26', 1, 17, 5, 1, 1),
(256, 'PROTESI GINOCCHIO', '2024-03-27', 1, 3, 1, 1, 7),
(257, 'PROTESI GINOCCHIO', '2024-03-27', 1, 3, 1, 1, 7),
(258, 'PROTESI GINOCCHIO', '2024-03-27', 1, 3, 1, 1, 7),
(259, 'PROTESI GINOCCHIO', '2024-03-27', 1, 4, 1, 2, 4),
(260, 'REVISIONE GINOCCHIO ', '2024-03-27', 1, 32, 1, 2, 13),
(261, 'PROTESI CAPITELLO', '2024-03-28', 5, 27, 15, 1, 1),
(262, 'PROTESI ANCA', '2024-04-02', 1, 45, 3, 1, 7),
(263, 'PROTESI GINOCCHIO', '2024-04-02', 1, 11, 3, 1, 7),
(264, 'PROTESI GINOCCHIO', '2024-04-03', 1, 3, 1, 1, 2),
(265, 'PROTESI GINOCCHIO', '2024-04-03', 1, 3, 1, 1, 2),
(266, 'ENDO PROTESI', '2024-04-03', 3, 17, 9, 1, 1),
(267, 'PROTESI GINOCCHIO', '2024-04-03', 1, 4, 1, 2, 4),
(268, 'PROTESI GINOCCHIO', '2024-04-03', 1, 4, 1, 2, 4),
(269, 'PROTESI ANCA', '2024-04-03', 1, 22, 1, 2, 4),
(270, 'PROTESI ANCA', '2024-04-03', 1, 9, 1, 3, 3),
(271, 'PROTESI GINOCCHIO', '2024-04-04', 1, 11, 4, 1, 15),
(272, 'PROTESI GINOCCHIO', '2024-04-04', 1, 11, 4, 1, 15),
(273, 'PROTESI MONO', '2024-04-04', 1, 35, 4, 1, 15),
(274, 'PROTESI GINOCCHIO', '2024-04-04', 1, 12, 5, 2, 13),
(275, 'PROTESI ANCA', '2024-04-04', 1, 9, 5, 3, 3),
(276, 'ENDO PROTESI', '2024-04-04', 3, 17, 9, 1, 1),
(277, 'PROTESI ANCA', '2024-04-05', 1, 1, 3, 1, 1),
(278, 'PROTESI ANCA', '2024-04-05', 1, 22, 1, 2, 4),
(279, 'PROTESI GINOCCHIO', '2024-04-05', 1, 4, 1, 2, 4),
(280, 'PROTESI ANCA', '2024-04-05', 1, 1, 1, 1, 7),
(281, 'PROTESI GINOCCHIO', '2024-04-05', 1, 3, 1, 1, 7),
(282, 'REVISIONE GINOCCHIO', '2024-04-05', 1, 46, 1, 4, 16),
(283, 'PROTESI SPALLA ', '2024-04-06', 1, 7, 6, 1, 1),
(284, 'FRATTURA OMERO', '2024-04-06', 1, 30, 6, 1, 1),
(285, 'REVISIONE ANCA', '2024-04-08', 1, 15, 7, 2, 13),
(286, 'PROTESI GINOCCHIO', '2024-04-08', 1, 4, 1, 2, 4),
(287, 'PROTESI GINOCCHIO', '2024-04-08', 1, 4, 1, 2, 4),
(288, 'PROTESI GINOCCHIO', '2024-04-08', 1, 3, 1, 1, 7),
(289, 'PROTESI ANCA', '2024-04-09', 1, 1, 3, 1, 7),
(290, 'PROTESI ANCA', '2024-04-09', 1, 1, 5, 1, 7),
(291, 'PROTESI GINOCCHIO', '2024-04-09', 1, 11, 12, 1, 7),
(292, 'FRATTURA POLSO ', '2024-04-09', 1, 24, 5, 1, 7),
(293, 'PROTESI GINOCCHIO', '2024-04-10', 1, 4, 1, 2, 4),
(294, 'PROTESI GINOCCHIO', '2024-04-10', 1, 4, 1, 2, 4),
(295, 'PROTESI MONO ', '2024-04-10', 1, 10, 1, 2, 4),
(296, 'PROTESI ANCA', '2024-04-10', 1, 22, 1, 2, 4),
(297, 'PROTESI ANCA', '2024-04-10', 1, 6, 1, 1, 7),
(298, 'PROTESI ANCA', '2024-04-10', 1, 6, 1, 1, 7),
(299, 'PROTESI GINOCCHIO', '2024-04-10', 1, 3, 1, 1, 7),
(300, 'PROTESI GINOCCHIO', '2024-04-11', 1, 5, 5, 3, 3),
(301, 'PROTESI GINOCCHIO', '2024-04-11', 1, 12, 5, 2, 4),
(302, 'PROTESI ANCA', '2024-04-11', 1, 15, 5, 2, 13),
(303, 'PROTESI GINOCCHIO', '2024-04-11', 1, 11, 5, 1, 1),
(304, 'PROTESI GINOCCHIO', '2024-04-11', 1, 11, 4, 1, 17),
(305, 'PROTESI GINOCCHIO', '2024-04-11', 1, 28, 4, 1, 17),
(306, 'PROTESI MONO', '2024-04-11', 1, 35, 4, 1, 17),
(307, 'OSTEOTIMIA FEMORE ', '2024-04-11', 1, 48, 4, 1, 17),
(308, 'ENDO PROTESI', '2024-04-12', 3, 17, 9, 1, 1),
(309, 'PROTESI GINOCCHIO', '2024-04-12', 1, 11, 4, 1, 1),
(310, 'PROTESI GINOCCHIO', '2024-04-12', 1, 11, 3, 1, 1),
(311, 'FRATTURA FEMORE ', '2024-04-12', 1, 20, 5, 1, 1),
(312, 'ENDO PROTESI', '2024-04-13', 3, 17, 9, 1, 1),
(313, 'PROTESI SPALLA ', '2024-04-15', 1, 7, 6, 1, 7),
(314, 'PROTESI GINOCCHIO', '2024-04-15', 1, 3, 1, 1, 7),
(315, 'PROTESI GINOCCHIO', '2024-04-15', 1, 12, 1, 2, 4),
(316, 'PROTESI ANCA', '2024-04-15', 1, 22, 1, 2, 4),
(317, 'PROTESI ENDO', '2024-04-15', 3, 17, 9, 1, 1),
(318, 'PROTESI ANCA', '2024-04-16', 1, 1, 3, 1, 7),
(319, 'PROTESI GINOCCHIO', '2024-04-16', 1, 11, 12, 1, 7),
(320, 'PROTESI ANCA', '2024-04-17', 1, 1, 6, 1, 2),
(321, 'PROTESI ANCA', '2024-04-17', 1, 6, 1, 1, 2),
(322, 'PROTESI ANCA', '2024-04-17', 1, 6, 1, 1, 2),
(323, 'PROTESI GINOCCHIO', '2024-04-17', 1, 4, 1, 2, 4),
(324, 'REVISIONE GINOCCHIO', '2024-04-17', 1, 32, 1, 2, 13),
(325, 'ENDO PROTESI', '2024-04-17', 3, 17, 9, 1, 1),
(326, 'ENDO PROTESI', '2024-04-18', 3, 17, 9, 1, 1),
(327, 'PROTESI MONO', '2024-04-18', 1, 35, 4, 1, 18),
(328, 'PROTESI MONO', '2024-04-18', 1, 35, 4, 1, 18),
(329, 'PROTESI ANCA', '2024-04-18', 1, 1, 5, 1, 18),
(330, 'PROTESI ANCA', '2024-04-18', 1, 9, 5, 3, 3),
(331, 'PROTESI ANCA', '2024-04-18', 1, 15, 5, 2, 4),
(332, 'PROTESI GINOCCHIO', '2024-04-18', 1, 12, 5, 2, 4),
(333, 'PROTESI SPALLA ', '2024-04-18', 1, 49, 4, 5, 19),
(334, 'PROTESI GINOCCHIO', '2024-04-19', 1, 11, 3, 1, 7),
(335, 'PROTESI GINOCCHIO', '2024-04-19', 1, 3, 1, 1, 7),
(336, 'PROTESI GINOCCHIO', '2024-04-19', 1, 4, 1, 2, 13),
(337, 'REVISIONE ANCA', '2024-04-19', 1, 15, 1, 2, 13),
(338, 'PROTESI ANCA', '2024-04-19', 1, 15, 1, 2, 13),
(339, 'REVISIONE GINOCCHIO', '2024-04-19', 1, 32, 1, 2, 13),
(340, 'REVISIONE GINOCCHIO ', '2024-04-18', 1, 32, 4, 2, 13),
(341, 'FRATTURA OMERO', '2024-04-19', 1, 50, 5, 1, 1),
(342, 'REVISIONE ANCA', '2024-04-20', 1, 15, 1, 2, 20),
(343, 'FRATTURA SCAFOIDE ', '2024-04-20', 1, 51, 13, 1, 1),
(344, 'PROTESI SPALLA ', '2024-04-22', 1, 7, 6, 1, 1),
(345, 'PROTESI ANCA', '2024-04-23', 1, 1, 3, 1, 7),
(346, 'PROTESI ANCA', '2024-04-23', 1, 1, 12, 1, 7),
(347, 'PROTESI GINOCCHIO', '2024-04-23', 1, 4, 7, 2, 4),
(348, 'PROTESI MONO', '2024-04-24', 1, 10, 1, 2, 4),
(349, 'PROTESI ANCA', '2024-04-24', 1, 9, 1, 3, 8),
(350, 'REVISIONE GINOCCHIO', '2024-04-24', 1, 32, 1, 2, 4),
(351, 'PROTESI ANCA', '2024-04-24', 1, 15, 1, 2, 4),
(352, 'PROTESI ANCA', '2024-04-24', 1, 1, 6, 1, 7),
(353, 'PROTESI GINOCCHIO', '2024-04-26', 1, 4, 6, 2, 13),
(354, 'PROTESI GINOCCHIO', '2024-04-26', 1, 12, 1, 2, 13),
(355, 'PROTESI GINOCCHIO', '2024-04-26', 1, 4, 1, 2, 13),
(356, 'PROTESI ANCA', '2024-04-26', 1, 15, 1, 2, 13),
(357, 'PROTESI ANCA', '2024-04-26', 1, 1, 3, 1, 1),
(358, 'PROTESI ANCA', '2024-04-27', 1, 15, 1, 2, 4),
(359, 'PROTESI GINOCCHIO', '2024-04-27', 1, 4, 1, 2, 4),
(360, 'PROTESI GINOCCHIO', '2024-04-27', 1, 3, 1, 1, 1),
(361, 'PROTESI MONO', '2024-04-29', 1, 10, 1, 2, 4),
(362, 'PROTESI GINOCCHIO', '2024-04-29', 1, 4, 1, 2, 4),
(363, 'PROTESI ANCA', '2024-04-29', 1, 1, 1, 1, 1),
(364, 'PROTESI ANCA', '2024-04-30', 1, 9, 12, 3, 3),
(365, 'PROTESI SPALLA', '2024-04-30', 4, 7, 4, 1, 10),
(366, 'PROTESI ANCA', '2024-05-02', 1, 15, 5, 2, 4),
(367, 'PROTESI ANCA', '2024-05-02', 1, 1, 5, 1, 21),
(368, 'PROTESI SPALLA', '2024-05-02', 1, 7, 6, 1, 21),
(369, 'ENDO PROTESI', '2024-05-02', 3, 17, 9, 1, 1),
(370, 'PROTESI CAPITELLO', '2024-05-02', 1, 27, 5, 1, 22),
(371, 'FRATTURA CLAVICOLA', '2024-05-02', 1, 52, 5, 1, 22),
(372, 'FRATTURA OMERO', '2024-05-02', 1, 53, 5, 1, 22),
(373, 'PROTESI MONO', '2024-05-03', 1, 10, 1, 2, 4),
(374, 'PROTESI MONO', '2024-05-03', 1, 54, 1, 1, 7),
(375, 'PROTESI GINOCCHIO', '2024-05-03', 1, 3, 1, 1, 7),
(376, 'PROTESI ANCA', '2024-05-03', 1, 1, 3, 1, 7),
(377, 'PROTESI ANCA', '2024-05-03', 1, 1, 11, 1, 7),
(378, 'PROTESI GINOCCHIO', '2024-05-04', 1, 4, 1, 2, 4),
(379, 'PROTESI GINOCCHIO', '2024-05-04', 1, 3, 1, 1, 7),
(380, 'REVISIONE GINOCCHIO', '2024-05-04', 1, 29, 1, 1, 7),
(381, 'PROTESI ANCA', '2024-05-06', 1, 1, 6, 1, 1),
(382, 'PROTESI SPALLA', '2024-05-06', 1, 7, 1, 1, 7),
(383, 'REVISIONE GINOCCHIO', '2024-05-06', 1, 4, 1, 2, 4),
(384, 'PROTESI GINOCCHIO', '2024-05-07', 1, 11, 3, 1, 1),
(385, 'ENDO PROTESI', '2024-05-07', 3, 17, 9, 1, 1),
(386, 'PROTESI GINOCCHIO', '2024-05-08', 1, 4, 1, 2, 13),
(387, 'REVISIONE GINOCCHIO', '2024-05-08', 1, 32, 1, 2, 13),
(388, 'PROTESI ANCA', '2024-05-08', 1, 6, 1, 1, 7),
(389, 'PROTESI ANCA', '2024-05-08', 1, 6, 1, 1, 7),
(390, 'PROTESI ANCA', '2024-05-08', 1, 1, 1, 1, 7),
(391, 'PROTESI SPALLA', '2024-05-08', 1, 7, 6, 1, 7),
(392, 'ENDO PROTESI', '2024-05-08', 3, 17, 9, 1, 1),
(393, 'PROTESI GINOCCHIO', '2024-05-09', 1, 3, 1, 1, 7),
(394, 'PROTESI GINOCCHIO', '2024-05-09', 1, 4, 1, 2, 4),
(395, 'PROTESI GINOCCHIO', '2024-05-09', 1, 4, 1, 2, 4),
(396, 'PROTESI GINOCCHIO', '2024-05-09', 1, 4, 16, 2, 4),
(397, 'PROTESI GINOCCHIO', '2024-05-09', 1, 12, 5, 2, 4),
(398, 'PROTESI GINOCCHIO', '2024-05-09', 1, 5, 5, 3, 3),
(399, 'ENDO PROTESI', '2024-05-09', 1, 17, 5, 1, 7),
(400, 'REVISIONE ANCA', '2024-05-10', 1, 56, 4, 1, 7),
(401, 'PROTESI ANCA', '2024-05-10', 1, 1, 3, 1, 7),
(402, 'ENDO PROTESI', '2024-05-09', 3, 17, 9, 1, 1),
(404, 'REVISIONE ANCA', '2024-05-11', 6, 58, 17, 1, 23),
(405, 'PROTESI ANCA', '2024-05-13', 1, 6, 1, 1, 7),
(406, 'PROTESI SPALLA', '2024-05-13', 1, 7, 1, 1, 7),
(407, 'PROTESI MONO', '2024-05-13', 1, 10, 1, 2, 4),
(408, 'PROTESI GINOCCHIO', '2024-05-14', 1, 11, 12, 1, 1),
(409, 'PROTESI ANCA', '2024-05-15', 1, 1, 5, 1, 1),
(410, 'PROTESI GINOCCHIO', '2024-05-15', 1, 4, 6, 2, 24),
(411, 'ENDO PROTESI', '2024-05-15', 3, 17, 9, 1, 1),
(412, 'FRATTURA CLAVICOLA', '2024-05-15', 1, 34, 6, 1, 1),
(413, 'PROTESI SPALLA', '2024-05-16', 1, 7, 12, 1, 1),
(414, 'FRATTURA FEMORE ', '2024-05-16', 1, 17, 5, 1, 1),
(415, 'PROTESI ANCA', '2024-05-16', 1, 9, 5, 3, 3),
(416, 'PROTESI GINOCCHIO', '2024-05-16', 1, 32, 5, 2, 20),
(417, 'PROTESI SPALLA', '2024-05-17', 1, 7, 6, 1, 7),
(418, 'PROTESI GINOCCHIO', '2024-05-18', 1, 3, 1, 1, 2),
(419, 'PROTESI ANCA', '2024-05-18', 1, 9, 1, 3, 3),
(420, 'PROTESI GINOCCHIO', '2024-05-18', 1, 11, 1, 2, 4),
(421, 'PROTESI ANCA', '2024-05-20', 1, 1, 6, 1, 2),
(422, 'PROTESI SPALLA', '2024-05-20', 1, 7, 1, 1, 21),
(423, 'PROTESI MONO', '2024-05-20', 1, 10, 5, 2, 4),
(424, 'PROTESI GINOCCHIO', '2024-05-20', 1, 4, 1, 2, 4),
(425, 'PROTESI ANCA', '2024-05-21', 1, 1, 3, 1, 2),
(426, 'PROTESI GINOCCHIO', '2024-05-21', 1, 11, 3, 1, 2),
(427, 'PROTESI GINOCCHIO', '2024-05-21', 1, 5, 3, 3, 3),
(428, 'PROTESI GINOCCHIO', '2024-05-22', 1, 4, 6, 2, 4),
(429, 'PROTESI ANCA', '2024-05-22', 1, 6, 1, 1, 2),
(430, 'PROTESI GINOCCHIO', '2024-05-22', 1, 59, 1, 1, 2),
(431, 'PROTESI GINOCCHIO', '2024-05-22', 1, 3, 1, 1, 2),
(432, 'PROTESI GINOCCHIO', '2024-05-22', 1, 4, 1, 2, 4),
(433, 'PROTESI GINOCCHIO', '2024-05-23', 1, 12, 5, 2, 4),
(434, 'PROTESI GINOCCHIO', '2024-05-23', 1, 5, 5, 3, 3),
(435, 'PROTESI SPALLA', '2024-05-24', 1, 7, 6, 1, 2),
(436, 'PROTESI GINOCCHIO', '2024-05-24', 1, 12, 1, 2, 4),
(437, 'PROTESI GINOCCHIO', '2024-05-24', 1, 4, 1, 2, 4),
(438, 'PROTESI ANCA', '2024-05-24', 1, 1, 3, 1, 2),
(439, 'PROTESI GINOCCHIO', '2024-05-24', 1, 3, 1, 1, 2),
(440, 'PROTESI GINOCCHIO', '2024-05-24', 1, 5, 12, 3, 3),
(441, 'PROTESI GINOCCHIO', '2024-05-27', 1, 4, 7, 2, 4),
(442, 'PROTESI MONO', '2024-05-27', 1, 10, 1, 2, 4),
(443, 'PROTESI ANCA', '2024-05-27', 1, 1, 1, 1, 7),
(445, 'PROTESI ANCA', '2024-05-28', 1, 1, 3, 1, 2),
(446, 'PROTESI GINOCCHIO', '2024-05-28', 1, 11, 3, 1, 2),
(447, 'PROTESI GINOCCHIO', '2024-05-29', 1, 3, 1, 1, 2),
(448, 'PROTESI MONO', '2024-05-29', 1, 10, 1, 2, 4),
(449, 'PROTESI ANCA', '2024-05-29', 1, 15, 1, 2, 4),
(450, 'PROTESI GINOCCHIO', '2024-05-29', 1, 4, 1, 2, 4),
(451, 'REVISIONE ANCA', '2024-05-29', 1, 15, 1, 2, 13),
(452, 'PROTESI GINOCCHIO', '2024-05-30', 1, 11, 4, 1, 17),
(453, 'PROTESI MONO', '2024-05-30', 1, 35, 4, 1, 17),
(454, 'PROTESI MONO', '2024-05-30', 1, 35, 4, 1, 17),
(455, 'PROTESI ANCA', '2024-05-30', 1, 15, 5, 2, 4),
(456, 'PROTESI GINOCCHIO', '2024-05-30', 1, 3, 5, 1, 1),
(457, 'PROTESI ANCA', '2024-05-31', 1, 1, 1, 1, 7),
(458, 'PROTESI GINOCCHIO', '2024-05-31', 1, 3, 1, 1, 7),
(459, 'PROTESI GINOCCHIO', '2024-05-31', 1, 4, 1, 2, 4),
(460, 'REVISIONE ANCA', '2024-05-31', 1, 15, 1, 2, 13),
(461, 'PROTESI GINOCCHIO', '2024-05-31', 1, 4, 1, 2, 4),
(462, 'PROTESI ANCA', '2024-05-31', 1, 1, 3, 1, 1),
(463, 'PROTESI ANCA', '2024-06-04', 1, 1, 7, 1, 1),
(464, 'PROTESI GINOCCHIO', '2024-06-04', 1, 5, 3, 3, 3),
(465, 'ENDO PROTESI', '2024-05-20', 3, 17, 9, 1, 1),
(466, 'PROTESI CAPITELLO', '2024-05-22', 3, 27, 14, 1, 1),
(467, 'ENDO PROTESI', '2024-05-30', 3, 17, 9, 1, 1),
(468, 'PROTESI ANCA', '2024-06-06', 1, 1, 5, 1, 2),
(469, 'PROTESI ANCA', '2024-06-06', 1, 15, 5, 2, 4),
(470, 'PROTESI GINOCCHIO', '2024-06-06', 1, 5, 5, 3, 3),
(471, 'PROTESI GINOCCHIO', '2024-06-06', 1, 35, 4, 1, 2),
(472, 'PROTESI MONO', '2024-06-06', 1, 35, 4, 1, 2),
(473, 'PROTESI GINOCCHIO', '2024-06-06', 1, 11, 4, 1, 2),
(474, 'PROTESI GINOCCHIO', '2024-06-06', 1, 5, 4, 3, 3),
(475, 'PROTESI GINOCCHIO', '2024-06-07', 1, 12, 11, 2, 4),
(476, 'REVISIONE ANCA', '2024-06-06', 7, 1, 19, 1, 15),
(477, 'FRATTURA PERONE', '2024-06-07', 1, 60, 5, 1, 7),
(478, 'PROTESI CAVIGLIA ', '2024-06-08', 8, 61, 20, 1, 1),
(479, 'REVISIONE ANCA ', '2024-06-11', 1, 15, 3, 2, 13),
(480, 'PROTESI GINOCCHIO', '2024-06-10', 1, 3, 1, 1, 2),
(481, 'PROTESI GINOCCHIO', '2024-06-10', 1, 4, 1, 2, 4),
(482, 'PROTESI MONO', '2024-06-10', 1, 10, 1, 2, 4),
(483, 'ENDO PROTESI', '2024-06-10', 3, 17, 9, 1, 1),
(484, 'PROTESI ANCA', '2024-06-12', 1, 6, 1, 1, 1),
(485, 'PROTESI MONO', '2024-06-13', 1, 35, 4, 1, 7),
(486, 'PROTESI GINOCCHIO', '2024-06-13', 1, 11, 4, 1, 7),
(487, 'PROTESI ANCA', '2024-06-13', 1, 9, 4, 3, 8),
(488, 'REVISIONE GINOCCHIO', '2024-06-13', 1, 32, 5, 2, 13),
(489, 'PROTESI ANCA', '2024-06-13', 1, 1, 5, 1, 1),
(490, 'FRATTURA GOMITO ', '2024-06-13', 1, 53, 5, 1, 1),
(491, 'FRATTURA FEMORE ', '2024-06-13', 1, 20, 5, 1, 1),
(492, 'PROTESI GINOCCHIO', '2024-06-14', 1, 4, 1, 2, 4),
(493, 'PROTESI ANCA', '2024-06-14', 1, 6, 5, 1, 1),
(494, 'PROTESI ANCA', '2024-06-14', 1, 6, 1, 1, 7),
(495, 'PROTESI GINOCCHIO', '2024-06-14', 1, 3, 1, 1, 7),
(496, 'ENDO PROTESI', '2024-06-14', 1, 63, 3, 1, 7),
(497, 'ENDO PROTESI', '2024-06-14', 3, 17, 9, 1, 1),
(498, 'PROTESI ANCA', '2024-06-17', 1, 1, 6, 1, 7),
(499, 'PROTESI GINOCCHIO', '2024-06-17', 1, 3, 1, 1, 7),
(500, 'PROTESI GINOCCHIO', '2024-06-17', 1, 3, 1, 1, 7),
(501, 'PROTESI GINOCCHIO', '2024-06-17', 1, 4, 1, 2, 4),
(502, 'ENDO PROTESI', '2024-06-17', 3, 17, 9, 1, 1),
(503, 'PROTESI ANCA', '2024-06-18', 9, 1, 21, 1, 1),
(504, 'PROTESI ANCA', '2024-06-19', 1, 6, 1, 1, 7),
(505, 'PROTESI ANCA', '2024-06-19', 1, 6, 1, 1, 7),
(506, 'PROTESI ANCA', '2024-06-19', 1, 1, 1, 1, 7),
(507, 'PROTESI ANCA', '2024-06-19', 1, 15, 1, 2, 4),
(508, 'PROTESI GINOCCHIO', '2024-06-19', 1, 4, 1, 2, 4),
(509, 'ENDO PROTESI', '2024-06-19', 3, 17, 14, 1, 1),
(510, 'PROTESI GINOCCHIO', '2024-06-20', 1, 11, 4, 1, 1),
(511, 'PROTESI GINOCCHIO', '2024-06-20', 1, 11, 4, 1, 1),
(512, 'PROTESI GINOCCHIO', '2024-06-20', 1, 11, 4, 1, 1),
(513, 'PROTESI ANCA', '2024-06-20', 1, 9, 4, 3, 8),
(514, 'PROTESI GINOCCHIO', '2024-06-20', 1, 12, 5, 2, 4),
(515, 'FRATTURA POLSO ', '2024-06-20', 1, 24, 5, 1, 1),
(516, 'PROTESI ANCA', '2024-06-20', 9, 1, 21, 1, 1),
(517, 'ENDO PROTESI  ( SOLO CUPOLA)', '2024-06-20', 3, 17, 9, 1, 1),
(518, 'PROTESI GINOCCHIO', '2024-06-21', 1, 3, 1, 1, 1),
(519, 'PROTESI GINOCCHIO', '2024-06-21', 1, 3, 1, 1, 1),
(520, 'PROTESI GINOCCHIO', '2024-06-21', 1, 4, 1, 2, 4),
(521, 'PROTESI GINOCCHIO', '2024-06-21', 1, 4, 1, 2, 4),
(522, 'PROTESI GINOCCHIO', '2024-06-21', 1, 1, 11, 1, 1),
(523, 'ENDO PROTESI', '2024-06-21', 3, 17, 9, 1, 1),
(524, 'PROTESI ANCA', '2024-06-24', 1, 1, 7, 1, 2),
(525, 'PROTESI ANCA', '2024-06-24', 9, 1, 21, 1, 1),
(526, 'PROTESI GINOCCHIO', '2024-06-24', 1, 3, 1, 1, 7),
(527, 'PROTESI ANCA', '2024-06-24', 1, 1, 1, 1, 7),
(528, 'REVISIONE SPALLA', '2024-06-24', 1, 7, 1, 1, 7),
(529, 'ENDO PROTESI', '2024-06-25', 1, 63, 3, 1, 1),
(530, 'PROTESI ANCA', '2024-06-25', 1, 1, 5, 1, 7),
(531, 'PROTESI ANCA', '2024-06-26', 1, 1, 6, 1, 1),
(532, 'PROTESI GINOCCHIO', '2024-06-26', 1, 4, 1, 2, 4),
(534, 'PROTESI GINOCCHIO', '2024-06-26', 1, 64, 1, 2, 4),
(535, 'PROTESI GINOCCHIO', '2024-06-26', 1, 32, 1, 2, 4),
(536, 'PROTESI GINOCCHIO', '2024-06-26', 1, 3, 1, 1, 7),
(537, 'PROTESI ANCA', '2024-06-26', 9, 1, 21, 1, 1),
(538, 'PROTESI MONO', '2024-06-27', 1, 35, 4, 1, 1),
(539, 'PROTESI ANCA', '2024-06-27', 1, 9, 5, 3, 3),
(540, 'FRATTURA CLAVICOLA', '2024-06-27', 1, 34, 5, 1, 1),
(541, 'PROTESI GINOCCHIO', '2024-06-28', 1, 4, 1, 2, 4),
(542, 'PROTESI GINOCCHIO', '2024-06-28', 1, 4, 1, 2, 4),
(543, 'PROTESI GINOCCHIO', '2024-06-28', 1, 12, 1, 2, 4),
(544, 'PROTESI GINOCCHIO', '2024-06-28', 1, 11, 11, 1, 1),
(545, 'PROTESI ANCA', '2024-07-01', 9, 1, 21, 1, 1),
(546, 'PROTESI SPALLA', '2024-07-01', 1, 7, 6, 1, 7),
(547, 'PROTESI SPALLA', '2024-07-01', 1, 7, 1, 1, 7),
(548, 'PROTESI GINOCCHIO', '2024-07-01', 1, 3, 1, 1, 7),
(549, 'PROTESI ANCA', '2024-07-01', 1, 9, 1, 3, 3),
(550, 'PROTESI ANCA', '2024-07-02', 1, 1, 3, 1, 7),
(551, 'PROTESI SPALLA', '2024-07-03', 1, 7, 6, 1, 7),
(552, 'PROTESI ANCA', '2024-07-03', 1, 6, 1, 1, 7),
(553, 'PROTESI GINOCCHIO', '2024-07-03', 1, 3, 1, 1, 7),
(554, 'PROTESI GINOCCHIO', '2024-07-03', 1, 3, 1, 1, 7),
(555, 'PROTESI GINOCCHIO', '2024-07-03', 1, 4, 1, 2, 4),
(556, 'REVISIONE ANCA', '2024-07-03', 1, 15, 1, 2, 13),
(557, 'ENDO PROTESI', '2024-07-03', 3, 17, 9, 1, 1),
(558, 'PROTESI MONO', '2024-07-04', 1, 35, 4, 1, 10),
(559, 'PROTESI MONO', '2024-07-04', 1, 35, 4, 1, 10),
(560, 'REVISIONE SPALLA', '2024-07-04', 1, 65, 5, 3, 3),
(561, 'FRATTURA PERONE', '2024-07-04', 1, 43, 5, 1, 1),
(562, 'PROTESI GINOCCHIO', '2024-07-05', 1, 4, 1, 2, 4),
(563, 'PROTESI GINOCCHIO', '2024-07-05', 1, 4, 1, 2, 4),
(564, 'PROTESI GINOCCHIO', '2024-07-05', 1, 3, 1, 1, 2),
(565, 'PROTESI ANCA', '2024-07-05', 1, 1, 3, 1, 2),
(566, 'PROTESI GINOCCHIO', '2024-07-05', 1, 4, 11, 2, 4),
(567, 'PROTESI ANCA', '2024-07-08', 1, 1, 7, 1, 7),
(568, 'ENDO PROTESI', '2024-07-08', 3, 17, 9, 1, 1),
(569, 'PROTESI GINOCCHIO', '2024-07-08', 1, 3, 1, 1, 7),
(570, 'PROTESI GINOCCHIO', '2024-07-08', 1, 4, 1, 2, 4),
(571, 'PROTESI ANCA', '2024-07-08', 1, 15, 1, 2, 4),
(572, 'PROTESI GINOCCHIO', '2024-07-09', 1, 11, 3, 1, 1),
(573, 'FRATTURA CAPITELLO', '2024-07-09', 1, 51, 3, 1, 1),
(574, 'PROTESI ANCA', '2024-07-10', 1, 1, 1, 1, 1),
(575, 'PROTESI ANCA', '2024-07-10', 1, 9, 1, 3, 3),
(576, 'REVISIONE GINOCCHIO ', '2024-07-10', 1, 32, 1, 2, 13),
(577, 'REVISIONE ANCA', '2024-07-10', 1, 15, 1, 2, 13),
(578, 'ENDO PROTESI', '2024-07-10', 3, 17, 9, 1, 1),
(579, 'PROTESI MONO', '2024-07-11', 1, 35, 4, 1, 18),
(580, 'PROTESI GINOCCHIO', '2024-07-11', 1, 11, 4, 1, 15),
(581, 'PROTESI ANCA', '2024-07-11', 1, 1, 5, 1, 17),
(582, 'PROTESI ANCA', '2024-07-11', 1, 15, 5, 2, 13),
(583, 'PROTESI ANCA', '2024-07-11', 9, 1, 21, 1, 1),
(584, 'PROTESI ANCA', '2024-07-12', 1, 1, 1, 1, 2),
(585, 'PROTESI GINOCCHIO', '2024-07-12', 1, 3, 1, 1, 2),
(586, 'PROTESI ANCA', '2024-07-12', 1, 9, 1, 3, 3),
(587, 'PROTESI ANCA', '2024-07-12', 1, 1, 3, 1, 1),
(588, 'PROTESI GINOCCHIO', '2024-07-12', 1, 11, 3, 1, 1),
(589, 'ENDO PROTESI', '2024-07-12', 3, 17, 9, 1, 1),
(590, 'FRATTURA PIATTO TIBIALE ', '2024-07-12', 9, 48, 21, 1, 1),
(591, 'PROTESI ANCA', '2024-07-15', 1, 1, 1, 1, 1),
(593, 'PROTESI GINOCCHIO', '2024-07-15', 1, 3, 1, 1, 1),
(594, 'FRATTURA PIATTO TIBIALE ', '2024-07-15', 9, 33, 21, 1, 1),
(595, 'PROTESI ANCA', '2024-07-17', 1, 6, 1, 1, 1),
(596, 'PROTESI GINOCCHIO', '2024-07-17', 1, 3, 1, 1, 1),
(597, 'PROTESI GINOCCHIO', '2024-07-17', 1, 4, 1, 2, 4),
(598, 'REVISIONE GINOCCHIO', '2024-07-17', 1, 40, 1, 1, 1),
(599, 'PROTESI GINOCCHIO', '2024-07-18', 1, 12, 5, 2, 4),
(600, 'PROTESI SPALLA', '2024-07-18', 1, 7, 12, 1, 1),
(601, 'PROTESI ANCA', '2024-07-19', 1, 15, 1, 2, 4),
(602, 'PROTESI GINOCCHIO', '2024-07-19', 1, 4, 1, 2, 4),
(603, 'REVISIONE GINOCCHIO', '2024-07-19', 1, 32, 1, 2, 13),
(604, 'PROTESI GINOCCHIO', '2024-07-19', 1, 4, 11, 2, 20),
(605, 'ENDO PROTESI', '2024-07-19', 3, 17, 9, 1, 1),
(606, 'PROTESI MONO', '2024-07-22', 1, 10, 1, 2, 4),
(607, 'PROTESI GINOCCHIO', '2024-07-22', 1, 4, 1, 1, 4),
(608, 'PROTESI ANCA', '2024-07-22', 1, 9, 1, 3, 3),
(609, 'PROTESI ANCA', '2024-07-23', 1, 1, 3, 1, 1),
(610, 'PROTESI GINOCCHIO', '2024-07-23', 1, 5, 3, 3, 3),
(611, 'PROTESI GINOCCHIO', '2024-07-24', 1, 3, 1, 1, 2),
(612, 'PROTESI MONO', '2024-07-24', 1, 10, 1, 2, 4),
(613, 'REVISIONE GINOCCHIO', '2024-07-24', 1, 32, 1, 2, 13),
(614, 'PROTESI ANCA', '2024-07-24', 1, 9, 5, 3, 3),
(615, 'PROTESI ANCA', '2024-07-25', 1, 9, 4, 3, 3),
(616, 'PROTESI MONO', '2024-07-25', 1, 25, 4, 1, 1),
(617, 'PROTESI GINOCCHIO', '2024-07-25', 1, 5, 5, 3, 3),
(618, 'FRATTURA CLAVICOLA', '2024-07-25', 1, 52, 5, 1, 1),
(619, 'PROTESI GINOCCHIO', '2024-07-26', 1, 32, 3, 2, 1),
(620, 'ENDO PROTESI', '2024-07-26', 3, 17, 14, 1, 1),
(621, 'ENDO PROTESI', '2024-07-26', 3, 17, 14, 1, 1),
(622, 'FRATTURA CLAVICOLA', '2024-07-26', 9, 52, 21, 1, 1),
(624, 'PROTESI ANCA', '2024-07-29', 9, 1, 21, 1, 1),
(625, 'PROTESI ANCA', '2024-07-29', 1, 15, 1, 2, 4),
(626, 'REVISIONE GINOCCHIO', '2024-07-29', 1, 26, 1, 2, 13),
(627, 'PROTESI SPALLA', '2024-07-30', 1, 7, 3, 1, 7),
(628, 'FRATTURA POLSO ', '2024-07-30', 1, 24, 3, 1, 7),
(629, 'PROTESI ANCA', '2024-07-30', 1, 1, 7, 1, 7),
(630, 'PROTESI ANCA', '2024-08-01', 1, 9, 12, 3, 3),
(631, 'PROTESI GINOCCHIO', '2024-08-01', 1, 4, 5, 2, 4),
(632, 'PROTESI ANCA', '2024-08-01', 1, 1, 5, 1, 1),
(633, 'REVISIONE GINOCCHIO', '2024-07-31', 1, 32, 1, 2, 13),
(634, 'REVISIONE ANCA', '2024-07-31', 1, 15, 1, 2, 13),
(635, 'PROTESI GINOCCHIO', '2024-08-02', 1, 3, 1, 1, 7),
(636, 'PROTESI ANCA', '2024-08-02', 1, 15, 1, 2, 4),
(637, 'PROTESI GINOCCHIO', '2024-08-02', 1, 3, 1, 1, 7),
(638, 'PROTESI MONO', '2024-08-02', 1, 10, 1, 2, 7),
(639, 'PROTESI ANCA', '2024-08-02', 1, 1, 12, 1, 1),
(640, 'REVISIONE ANCA', '2024-08-02', 1, 9, 3, 3, 3),
(641, 'ENDO PROTESI', '2024-08-02', 3, 17, 9, 1, 1),
(642, 'PROTESI SPALLA', '2024-08-05', 1, 7, 6, 1, 2),
(643, 'PROTESI ANCA', '2024-08-05', 1, 1, 1, 1, 7),
(644, 'PROTESI GINOCCHIO', '2024-08-05', 1, 3, 1, 1, 7),
(645, 'PROTESI MONO', '2024-08-05', 1, 10, 1, 2, 4),
(646, 'FRATTURA BACINO ', '2024-08-05', 9, 67, 21, 1, 1),
(647, 'PROTESI ANCA', '2024-08-06', 1, 1, 3, 1, 1),
(648, 'FRATTURA CLAVICOLA', '2024-08-06', 1, 34, 5, 1, 1),
(649, 'FRATTURA POLSO ', '2024-08-06', 1, 24, 5, 1, 1),
(650, 'PROTESI MONO', '2024-08-07', 1, 10, 1, 2, 4),
(651, 'FRATTURA FEMORE ', '2024-08-07', 1, 68, 1, 2, 13),
(652, 'PROTESI GINOCCHIO', '2024-08-07', 1, 3, 1, 1, 1),
(653, 'ENDO PROTESI', '2024-08-10', 3, 17, 9, 1, 1),
(654, 'ENDO PROTESI', '2024-08-12', 3, 17, 14, 1, 1),
(655, 'ENDO PROTESI', '2024-08-16', 3, 17, 14, 1, 1),
(656, 'FRATTURA OMERO', '2024-08-22', 1, 53, 5, 1, 1),
(657, 'FRATTURA OMERO', '2024-08-22', 1, 30, 5, 1, 1),
(658, 'FRATTURA PERONE', '2024-08-22', 1, 43, 5, 1, 1),
(659, 'PROTESI GINOCCHIO', '2024-08-28', 1, 3, 1, 1, 7),
(660, 'PROTESI GINOCCHIO', '2024-08-28', 1, 3, 1, 1, 1),
(661, 'PROTESI ANCA', '2024-08-28', 1, 1, 1, 1, 1),
(662, 'PROTESI MONO', '2024-08-28', 1, 10, 1, 2, 4),
(663, 'PROTESI SPALLA', '2024-08-29', 1, 7, 6, 1, 1),
(664, 'PROTESI ANCA', '2024-08-30', 1, 1, 3, 1, 1),
(665, 'PROTESI ANCA', '2024-09-02', 1, 1, 7, 1, 7),
(666, 'ENDO PROTESI', '2024-09-02', 3, 17, 9, 1, 1),
(667, 'PROTESI ANCA', '2024-09-02', 1, 15, 1, 2, 4),
(668, 'PROTESI ANCA', '2024-09-02', 1, 15, 1, 2, 4),
(669, 'PROTESI GINOCCHIO', '2024-09-02', 1, 3, 1, 1, 7),
(670, 'PROTESI GINOCCHIO', '2024-09-03', 1, 5, 12, 3, 3),
(671, 'PROTESI ANCA', '2024-09-04', 1, 9, 1, 3, 3),
(672, 'PROTESI ANCA', '2024-09-04', 1, 15, 1, 2, 4),
(673, 'PROTESI GINOCCHIO', '2024-09-04', 1, 4, 1, 2, 4),
(674, 'PROTESI GINOCCHIO', '2024-09-04', 1, 3, 1, 1, 7),
(675, 'PROTESI GINOCCHIO', '2024-09-04', 1, 3, 1, 1, 7),
(676, 'PROTESI GINOCCHIO', '2024-09-05', 1, 9, 5, 3, 3),
(677, 'REVISIONE SPALLA', '2024-09-05', 1, 71, 6, 3, 3),
(678, 'FRATTURA CLAVICOLA', '2024-09-05', 1, 52, 5, 1, 1),
(679, 'PROTESI ANCA', '2024-09-06', 1, 1, 3, 1, 2),
(680, 'PROTESI GINOCCHIO', '2024-09-06', 1, 11, 3, 1, 2),
(681, 'PROTESI ANCA', '2024-09-09', 1, 15, 1, 2, 4),
(682, 'PROTESI ANCA', '2024-09-09', 1, 9, 1, 3, 3),
(683, 'PROTESI GINOCCHIO', '2024-09-09', 1, 3, 1, 1, 2),
(685, 'ENDO PROTESI', '2024-09-09', 10, 17, 22, 1, 1),
(686, 'PROTESI SPALLA', '2024-09-09', 1, 72, 6, 2, 4),
(687, 'FRATTURA POLSO', '2024-09-06', 1, 24, 3, 1, 1),
(688, 'PROTESI ANCA', '2024-09-10', 1, 1, 3, 1, 1),
(689, 'REVISIONE GINOCCHIO ', '2024-09-10', 1, 32, 3, 2, 4),
(690, 'PROTESI GINOCCHIO', '2024-09-10', 1, 4, 7, 2, 4),
(691, 'PROTESI ANCA', '2024-09-10', 1, 1, 12, 1, 1),
(692, 'PROTESI GINOCCHIO', '2024-09-11', 1, 4, 6, 2, 4),
(693, 'PROTESI ANCA', '2024-09-11', 1, 6, 1, 1, 1),
(694, 'PROTESI ANCA', '2024-09-11', 1, 6, 1, 1, 1),
(695, 'PROTESI ANCA', '2024-09-11', 1, 1, 1, 1, 1),
(696, 'PROTESI ANCA', '2024-09-11', 1, 15, 1, 2, 1),
(697, 'PROTESI GINOCCHIO', '2024-09-11', 1, 4, 1, 2, 4),
(698, 'PROTESI GINOCCHIO', '2024-09-12', 1, 26, 5, 2, 4),
(699, 'PROTESI GINOCCHIO', '2024-09-12', 1, 12, 5, 2, 4),
(700, 'PROTESI GINOCCHIO', '2024-09-12', 1, 4, 6, 2, 4),
(701, 'PROTESI ANCA', '2024-09-13', 10, 1, 23, 1, 25),
(702, 'PROTESI ANCA', '2024-09-13', 10, 1, 24, 1, 25),
(703, 'PROTESI  SPALLA', '2024-09-13', 11, 7, 25, 1, 1),
(704, 'PROTESI ANCA', '2024-09-13', 1, 6, 1, 1, 26),
(705, 'PROTESI GINOCCHIO', '2024-09-13', 1, 3, 1, 1, 26),
(706, 'PROTESI ANCA', '2024-09-13', 1, 9, 1, 3, 3),
(707, 'PROTESI GINOCCHIO', '2024-09-13', 1, 11, 3, 1, 1),
(708, 'PROTESI ANCA', '2024-09-13', 1, 45, 3, 1, 1),
(709, 'PROTESI ANCA', '2024-09-16', 12, 74, 26, 1, 27),
(710, 'PROTESI GINOCCHIO', '2024-09-16', 1, 3, 1, 1, 28),
(711, 'PROTESI MONO', '2024-09-16', 1, 10, 1, 2, 4),
(712, 'REVISIONE GINOCCHIO ', '2024-09-16', 1, 26, 1, 2, 4),
(713, 'PROTESI ANCA', '2024-09-17', 1, 1, 3, 1, 1),
(714, 'PROTESI GINOCCHIO', '2024-09-17', 1, 5, 3, 3, 3),
(715, 'FRATTURA OMERO', '2024-09-17', 1, 30, 5, 1, 1),
(716, 'PROTESI GINOCCHIO', '2024-09-16', 1, 4, 7, 2, 4),
(717, 'PROTESI GINOCCHIO', '2024-09-18', 1, 3, 1, 1, 7),
(718, 'PROTESI GINOCCHIO', '2024-09-18', 1, 3, 1, 1, 7),
(719, 'PROTESI GINOCCHIO', '2024-09-18', 1, 3, 1, 1, 7),
(720, 'PROTESI GINOCCHIO', '2024-09-18', 1, 3, 1, 1, 7),
(721, 'PROTESI GINOCCHIO', '2024-09-18', 1, 4, 6, 2, 20),
(722, 'REVISIONE GINOCCHIO ', '2024-09-18', 1, 32, 1, 2, 20),
(723, 'ENDO PROTESI', '2024-09-18', 3, 17, 9, 1, 1),
(724, 'ENDO PROTESI', '2024-09-12', 3, 17, 9, 1, 1),
(725, 'PROTESI GINOCCHIO', '2024-09-19', 1, 11, 4, 1, 1),
(726, 'PROTESI GINOCCHIO', '2024-09-19', 1, 11, 4, 1, 1),
(727, 'PROTESI GINOCCHIO', '2024-09-19', 1, 28, 4, 1, 1),
(728, 'PROTESI MONO', '2024-09-19', 1, 35, 4, 1, 1),
(729, 'PROTESI GINOCCHIO', '2024-09-19', 1, 4, 4, 2, 4),
(730, 'PROTESI ANCA', '2024-09-19', 1, 1, 5, 1, 1),
(731, 'PROTESI SPALLA', '2024-09-19', 1, 7, 12, 1, 1),
(732, 'REVISIONE SPALLA', '2024-09-19', 1, 71, 6, 3, 8),
(733, 'PROTESI ANCA', '2024-09-20', 1, 1, 12, 1, 1),
(734, 'PROTESI GINOCCHIO', '2024-09-20', 1, 4, 3, 2, 4),
(735, 'PROTESI  SPALLA', '2024-09-23', 1, 7, 6, 1, 1),
(736, 'PROTESI ANCA', '2024-09-23', 1, 6, 1, 1, 1),
(737, 'PROTESI GINOCCHIO', '2024-09-23', 1, 3, 1, 1, 1),
(738, 'PROTESI GINOCCHIO', '2024-09-23', 1, 4, 1, 2, 4),
(739, 'PROTESI ANCA  LUSSATA ', '2024-09-23', 1, 22, 1, 2, 4),
(740, 'ENDO PROTESI', '2024-09-23', 3, 17, 9, 1, 1),
(741, 'PROTESI ANCA', '2024-09-23', 9, 1, 21, 1, 1),
(742, 'PROTESI GINOCCHIO', '2024-09-25', 1, 29, 12, 1, 1),
(743, 'PROTESI GINOCCHIO', '2024-09-25', 1, 3, 1, 1, 1),
(744, 'PROTESI GINOCCHIO', '2024-09-25', 1, 3, 1, 1, 1),
(745, 'PROTESI GINOCCHIO', '2024-09-25', 1, 3, 1, 1, 1),
(746, 'PROTESI GINOCCHIO', '2024-09-25', 1, 3, 1, 1, 1),
(747, 'PROTESI GINOCCHIO', '2024-09-25', 1, 3, 1, 1, 1),
(748, 'PROTESI GINOCCHIO', '2024-09-26', 1, 11, 4, 1, 15),
(749, 'PROTESI MONO', '2024-09-26', 1, 35, 4, 1, 15),
(750, 'PROTESI MONO', '2024-09-26', 1, 35, 4, 1, 15),
(751, 'REVISIONE ANCA ', '2024-09-26', 1, 9, 4, 3, 3),
(752, 'ENDO PROTESI', '2024-09-26', 1, 17, 5, 1, 1),
(753, 'PROTESI ANCA', '2024-09-26', 1, 1, 5, 1, 1),
(754, 'PROTESI GINOCCHIO', '2024-09-26', 1, 4, 5, 2, 4),
(755, 'PROTESI GINOCCHIO', '2024-09-26', 1, 3, 5, 3, 3),
(756, 'PROTESI ANCA', '2024-09-27', 1, 1, 1, 1, 1),
(757, 'PROTESI ANCA', '2024-09-27', 1, 1, 1, 1, 1),
(758, 'PROTESI GINOCCHIO', '2024-09-27', 1, 3, 1, 1, 1),
(759, 'PROTESI ANCA', '2024-09-27', 1, 1, 3, 1, 1),
(760, 'REVISIONE GINOCCHIO', '2024-09-27', 1, 32, 7, 2, 13),
(761, 'PROTESI GINOCCHIO', '2024-09-28', 1, 3, 1, 1, 1),
(763, 'REVISIONE INSERTO GINOCCHIO', '2024-09-28', 1, 32, 1, 2, 13),
(764, 'REVISIONE GINOCCHIO', '2024-09-28', 1, 40, 1, 1, 1),
(765, 'PROTESI GINOCCHIO', '2024-09-30', 1, 4, 7, 2, 4),
(766, 'PROTESI ANCA', '2024-09-30', 1, 1, 1, 1, 1),
(767, 'PROTESI ANCA', '2024-09-30', 1, 9, 1, 3, 3),
(768, 'PROTESI MONO', '2024-09-30', 1, 10, 1, 2, 4),
(769, 'FRATTURA FEMORE ', '2024-10-01', 1, 20, 3, 1, 1),
(770, 'PROTESI GINOCCHIO', '2024-10-01', 1, 11, 3, 1, 1),
(771, 'FRATTURA OMERO', '2024-10-01', 1, 75, 5, 1, 1),
(772, 'FRATTURA RADIO CAPITELLLO ', '2024-10-01', 1, 27, 5, 1, 1),
(773, 'PROTESI ANCA', '2024-10-02', 1, 6, 1, 1, 26),
(774, 'PROTESI ANCA', '2024-10-02', 1, 6, 1, 1, 26),
(775, 'PROTESI GINOCCHIO', '2024-10-02', 1, 4, 1, 2, 4),
(776, 'PROTESI GINOCCHIO', '2024-10-01', 1, 5, 5, 3, 3),
(777, 'REVISIONE ANCA', '2024-10-02', 1, 15, 1, 2, 4),
(778, 'PROTESI GINOCCHIO', '2024-10-03', 1, 28, 4, 1, 26),
(779, 'PROTESI GINOCCHIO', '2024-10-03', 1, 11, 4, 1, 26),
(780, 'PROTESI ANCA', '2024-10-03', 1, 9, 4, 3, 8),
(781, 'PROTESI GINOCCHIO', '2024-10-03', 1, 76, 4, 2, 4),
(782, 'REVISIONE ANCA', '2024-10-03', 1, 15, 5, 2, 4),
(783, 'PROTESI SPALLA', '2024-10-02', 1, 7, 6, 1, 26),
(784, 'PROTESI GINOCCHIO', '2024-10-04', 1, 3, 1, 1, 2),
(785, 'PROTESI ANCA', '2024-10-04', 1, 1, 3, 1, 2),
(786, 'PROTESI ANCA', '2024-10-04', 1, 15, 1, 2, 4),
(787, 'PROTESI MONO', '2024-10-04', 1, 10, 1, 1, 4),
(788, 'PROTESI SPALLA', '2024-10-07', 1, 7, 6, 1, 1),
(789, 'PROTESI GINOCCHIO', '2024-10-07', 1, 4, 1, 2, 4),
(790, 'PROTESI GINOCCHIO', '2024-10-07', 1, 3, 1, 1, 1),
(791, 'PROTESI MONO', '2024-10-07', 1, 10, 1, 2, 4),
(792, 'PROTESI GINOCCHIO', '2024-10-08', 1, 11, 3, 1, 1),
(793, 'PROTESI GINOCCHIO', '2024-10-08', 1, 11, 7, 1, 1),
(794, 'REVISIONE GINOCCHIO', '2024-10-08', 1, 32, 3, 2, 1),
(795, 'ENDO PROTESI', '2024-10-08', 3, 17, 9, 1, 1),
(796, 'PROTESI GINOCCHIO', '2024-10-09', 1, 4, 6, 2, 4),
(797, 'PROTESI GINOCCHIO', '2024-10-09', 1, 3, 1, 1, 1),
(798, 'PROTESI GINOCCHIO', '2024-10-09', 1, 3, 1, 1, 7),
(799, 'PROTESI ANCA', '2024-10-09', 1, 6, 1, 1, 7),
(800, 'PROTESI MONO', '2024-10-09', 1, 10, 1, 2, 4),
(801, 'REVISIONE GINOCCHIO', '2024-10-09', 1, 40, 1, 1, 1),
(802, 'PROTESI GINOCCHIO', '2024-10-10', 1, 12, 5, 2, 4),
(803, 'PROTESI ANCA', '2024-10-10', 1, 9, 5, 3, 3),
(804, 'PROTESI MONO', '2024-10-10', 1, 35, 4, 1, 1),
(805, 'PROTESI GINOCCHIO', '2024-10-10', 1, 11, 4, 1, 1),
(806, 'PROTESI GINOCCHIO', '2024-10-10', 1, 11, 4, 1, 1),
(807, 'PROTESI GINOCCHIO', '2024-10-10', 1, 3, 5, 1, 1),
(808, 'PROTESI GINOCCHIO', '2024-10-11', 1, 3, 1, 1, 7),
(809, 'PROTESI ANCA', '2024-10-11', 1, 9, 1, 3, 3),
(810, 'PROTESI GINOCCHIO', '2024-10-11', 1, 3, 1, 1, 7),
(811, 'PROTESI ANCA', '2024-10-11', 1, 1, 3, 1, 7),
(812, 'PROTESI GINOCCHIO', '2024-10-11', 1, 11, 11, 1, 7),
(813, 'PROTESI ANCA', '2024-10-10', 9, 1, 1, 1, 1),
(814, 'PROTESI GINOCCHIO', '2024-10-14', 1, 4, 7, 2, 4),
(815, 'PROTESI SPALLA ', '2024-10-14', 1, 7, 1, 1, 7),
(816, 'PROTESI GINOCCHIO', '2024-10-14', 1, 4, 1, 2, 4),
(817, 'PROTESI GINOCCHIO', '2024-10-14', 1, 3, 1, 1, 7),
(818, 'PROTESI ANCA', '2024-10-15', 1, 77, 3, 1, 14),
(819, 'PROTESI GINOCCHIO', '2024-10-15', 1, 11, 3, 1, 14),
(820, 'PROTESI GINOCCHIO', '2024-10-15', 1, 11, 16, 1, 14),
(821, 'PROTESI ANCA', '2024-10-16', 1, 9, 6, 3, 3),
(822, 'PROTESI MONO', '2024-10-16', 1, 10, 1, 2, 4),
(823, 'PROTESI GINOCCHIO', '2024-10-16', 1, 3, 1, 1, 2),
(824, 'PROTESI ANCA', '2024-10-16', 1, 15, 1, 2, 4),
(825, 'PROTESI GINOCCHIO', '2024-10-16', 1, 4, 1, 2, 4),
(826, 'PROTESI ANCA', '2024-10-16', 1, 1, 1, 1, 2),
(827, 'REVISIONE GINOCCHIO', '2024-10-16', 1, 40, 1, 1, 2),
(828, 'PROTESI SPALLA', '2024-10-17', 1, 72, 6, 2, 4),
(829, 'REVISIONE SPALLA', '2024-10-17', 1, 71, 5, 3, 3),
(830, 'PROTESI ANCA', '2024-10-17', 1, 1, 5, 1, 2),
(831, 'PROTESI GINOCCHIO', '2024-10-17', 13, 3, 27, 1, 10),
(832, 'PROTESI GINOCCHIO', '2024-10-18', 1, 3, 1, 1, 2),
(833, 'PROTESI GINOCCHIO', '2024-10-18', 1, 3, 1, 1, 2),
(834, 'PROTESI GINOCCHIO', '2024-10-18', 1, 4, 1, 2, 4),
(835, 'FRATTURA FEMORE ', '2024-10-18', 1, 20, 5, 1, 2),
(836, 'PROTESI GINOCCHIO', '2024-10-21', 1, 4, 6, 2, 4),
(837, 'PROTESI GINOCCHIO', '2024-10-22', 1, 11, 3, 1, 1),
(838, 'PROTESI GINOCCHIO', '2024-10-22', 1, 11, 3, 1, 1),
(839, 'PROTESI GINOCCHIO', '2024-10-22', 1, 11, 7, 1, 1),
(840, 'PROTESI ANCA', '2024-10-22', 1, 15, 1, 2, 4),
(841, 'PROTESI GINOCCHIO', '2024-10-22', 1, 4, 1, 2, 4),
(842, 'PROTESI GINOCCHIO', '2024-10-22', 1, 4, 1, 2, 4),
(843, 'REVISIONE ANCA', '2024-10-23', 14, 1, 28, 1, 23),
(844, 'PROTESI GINOCCHIO', '2024-10-23', 1, 78, 1, 2, 4),
(845, 'PROTESI GINOCCHIO', '2024-10-23', 1, 78, 1, 2, 4),
(846, 'PROTESI GINOCCHIO', '2024-10-23', 1, 4, 1, 2, 4),
(847, 'PROTESI MONO', '2024-10-23', 1, 10, 1, 2, 4),
(848, 'PROTESI GINOCCHIO', '2024-10-23', 1, 3, 1, 1, 2),
(849, 'PROTESI GINOCCHIO', '2024-10-23', 1, 4, 6, 2, 4),
(850, 'PROTESI ANCA', '2024-10-23', 1, 1, 1, 1, 2),
(851, 'PROTESI ANCA', '2024-10-24', 1, 9, 5, 3, 3),
(852, 'PROTESI ANCA', '2024-10-24', 1, 15, 5, 2, 4),
(853, 'PROTESI ANCA', '2024-10-24', 1, 1, 5, 1, 1),
(854, 'PROTESI GINOCCHIO', '2024-10-24', 1, 11, 4, 1, 7),
(855, 'PROTESI MONO', '2024-10-24', 1, 35, 4, 1, 7),
(856, 'FRATTURA FEMORE ', '2024-10-24', 1, 20, 5, 1, 1),
(857, 'PROTESI GINOCCHIO', '2024-10-25', 1, 3, 1, 1, 1),
(858, 'PROTESI GINOCCHIO', '2024-10-25', 1, 78, 1, 2, 4),
(860, 'PROTESI GINOCCHIO', '2024-10-25', 1, 4, 1, 2, 4),
(861, 'PROTESI GINOCCHIO', '2024-01-12', 1, 3, 1, 1, 7),
(862, 'PROTESI GINOCCHIO', '2024-10-25', 1, 4, 7, 2, 4),
(863, 'PROTESI GINOCCHIO', '2024-10-25', 1, 11, 3, 1, 7),
(864, 'PROTESI GINOCCHIO', '2024-10-25', 1, 11, 11, 1, 2),
(865, 'REVISIONE ANCA', '2024-10-26', 1, 79, 3, 1, 7),
(866, 'PROTESI ANCA', '2024-10-26', 1, 1, 1, 1, 7),
(867, 'PROTESI GINOCCHIO', '2024-10-26', 1, 3, 1, 1, 7),
(868, 'PROTESI ANCA', '2024-10-26', 1, 15, 1, 2, 4),
(869, 'PROTESI ANCA', '2024-10-26', 1, 15, 1, 2, 4),
(870, 'PROTESI GINOCCHIO', '2024-10-26', 1, 4, 1, 2, 4),
(871, 'PROTESI GINOCCHIO', '2024-10-26', 1, 78, 1, 2, 7),
(872, 'PROTESI ANCA', '2024-10-28', 1, 1, 7, 1, 1),
(873, 'PROTESI GINOCCHIO', '2024-10-29', 1, 11, 3, 1, 7),
(874, 'PROTESI GINOCCHIO', '2024-10-29', 1, 11, 3, 1, 7),
(875, 'ENDO PROTESI', '2024-10-29', 3, 17, 9, 1, 7),
(876, 'PROTESI GINOCCHIO', '2024-10-30', 1, 11, 3, 1, 2),
(877, 'PROTESI SPALLA', '2024-10-30', 15, 21, 29, 1, 1),
(878, 'COTILE LIMA', '2024-10-31', 1, 9, 5, 3, 8),
(879, 'PROTESI GINOCCHIO', '2024-10-31', 1, 12, 5, 2, 4),
(880, 'PROTESI SPALLA', '2024-10-31', 1, 72, 5, 2, 4),
(881, 'ANCA LIMA', '2024-10-31', 1, 80, 5, 1, 1),
(882, 'PROTESI SPALLA', '2024-11-02', 15, 21, 29, 1, 23),
(883, 'ENDO PROTESI', '2024-11-02', 3, 17, 14, 1, 1),
(884, 'ENDO PROTESI', '2024-11-04', 3, 17, 9, 1, 1),
(885, 'PROTESI  SPALLA', '2024-11-04', 1, 21, 1, 1, 7),
(886, 'PROTESI ANCA', '2024-11-04', 1, 1, 1, 1, 7),
(887, 'PROTESI GINOCCHIO', '2024-11-04', 1, 4, 1, 2, 4),
(888, 'PROTESI GINOCCHIO', '2024-11-05', 1, 11, 3, 1, 1),
(889, 'PROTESI GINOCCHIO', '2024-11-05', 1, 5, 3, 3, 3),
(890, 'PROTESI GINOCCHIO', '2024-11-05', 1, 4, 7, 2, 4),
(891, 'PROTESI CAPITELLO', '2024-11-06', 9, 27, 30, 1, 1),
(893, 'PROTESI ANCA', '2024-11-06', 1, 6, 1, 1, 18),
(894, 'PROTESI ANCA', '2024-11-06', 1, 6, 1, 1, 18),
(895, 'PROTESI ANCA', '2024-11-06', 1, 1, 1, 1, 18),
(896, 'PROTESI GINOCCHIO', '2024-11-06', 1, 3, 1, 1, 18),
(897, 'PROTESI GINOCCHIO', '2024-11-06', 1, 3, 1, 1, 18),
(898, 'PROTESI GINOCCHIO', '2024-11-06', 1, 3, 1, 1, 18),
(899, 'PROTESI GINOCCHIO', '2024-11-07', 1, 11, 4, 1, 7),
(900, 'PROTESI GINOCCHIO', '2024-11-07', 1, 11, 4, 1, 7),
(901, 'PROTESI GINOCCHIO', '2024-11-07', 1, 3, 4, 1, 7),
(902, 'PROTESI MONO', '2024-11-07', 1, 35, 4, 1, 7),
(903, 'PROTESI ANCA', '2024-11-07', 1, 15, 5, 2, 7),
(904, 'PROTESI GINOCCHIO', '2024-11-07', 1, 3, 5, 1, 7),
(905, 'FRATTURA FEMORE ', '2024-11-07', 1, 20, 3, 1, 7),
(906, 'PROTESI INFETTA ', '2024-11-07', 1, 81, 4, 3, 3),
(907, 'PROTESI GINOCCHIO', '2024-11-08', 1, 78, 1, 2, 4),
(908, 'PROTESI GINOCCHIO', '2024-11-08', 1, 4, 1, 2, 4),
(909, 'PROTESI GINOCCHIO', '2024-11-08', 1, 3, 1, 1, 7),
(910, 'ENDO PROTESI', '2024-11-08', 3, 17, 9, 1, 1),
(911, 'PROTESI ANCA', '2024-11-11', 1, 1, 7, 1, 7),
(912, 'PROTESI GINOCCHIO', '2024-11-11', 1, 3, 1, 1, 7),
(913, 'PROTESI SPALLA', '2024-11-11', 1, 7, 1, 1, 7),
(914, 'PROTESI MONO', '2024-11-11', 1, 10, 1, 2, 4),
(915, 'PROTESI GINOCCHIO', '2024-11-12', 1, 11, 3, 1, 7),
(916, 'FRATTURA FEMORE', '2024-11-12', 1, 82, 3, 1, 7),
(917, 'PROTESI ANCA', '2024-11-12', 1, 1, 7, 1, 7),
(918, 'PROTESI GINOCCHIO', '2024-11-13', 1, 3, 1, 1, 2),
(919, 'PROTESI GINOCCHIO', '2024-11-13', 1, 4, 1, 2, 4),
(920, 'PROTESI MONO', '2024-11-13', 1, 10, 1, 2, 4),
(921, 'PROTESI GINOCCHIO', '2024-11-13', 1, 78, 1, 2, 4),
(922, 'REVISIONE GINOCCHIO', '2024-11-13', 1, 32, 1, 2, 13),
(923, 'PROTESI GINOCCHIO', '2024-11-14', 1, 11, 5, 1, 7),
(924, 'PROTESI GINOCCHIO', '2024-11-14', 1, 12, 5, 2, 7),
(925, 'PROTESI ANCA', '2024-11-14', 1, 9, 5, 1, 7),
(926, 'PROTESI MONO', '2024-11-14', 1, 35, 4, 1, 7),
(927, 'PROTESI GINOCCHIO', '2024-11-14', 1, 11, 4, 1, 7),
(928, 'PROTESI GINOCCHIO', '2024-11-14', 1, 11, 4, 1, 7),
(929, 'PROTESI GINOCCHIO', '2024-11-14', 1, 11, 4, 1, 7),
(930, 'FRATTURA CLAVICOLA', '2024-11-14', 1, 83, 5, 1, 1),
(931, 'PROTESI ANCA', '2024-11-15', 1, 9, 1, 3, 3),
(932, 'PROTESI MONO', '2024-11-15', 1, 10, 1, 2, 4),
(933, 'PROTESI ANCA', '2024-11-15', 1, 1, 1, 1, 4),
(934, 'PROTESI SPALLA', '2024-11-15', 1, 7, 11, 1, 1),
(935, 'PROTESI MONO', '2024-11-18', 1, 10, 1, 2, 4),
(936, 'PROTESI GINOCCHIO', '2024-11-18', 1, 4, 1, 2, 4),
(937, 'PROTESI GINOCCHIO', '2024-11-18', 1, 3, 1, 1, 2),
(938, 'PROTESI ANCA', '2024-11-19', 1, 1, 3, 1, 1),
(939, 'ENDO PROTESI', '2024-11-18', 3, 17, 14, 1, 1),
(940, 'ENDO PROTESI', '2024-11-13', 3, 17, 9, 1, 1),
(941, 'PROTESI GINOCCHIO', '2024-11-20', 1, 3, 1, 1, 2),
(942, 'REVISIONE ANCA', '2024-11-19', 1, 1, 3, 1, 1),
(943, 'PROTESI GINOCCHIO', '2024-11-20', 1, 4, 1, 2, 4),
(944, 'PROTESI GINOCCHIO', '2024-11-20', 1, 4, 1, 2, 4),
(945, 'PROTESI GINOCCHIO', '2024-11-20', 1, 4, 1, 2, 4),
(946, 'PROTESI ANCA', '2024-11-20', 1, 9, 1, 3, 3),
(947, 'PROTESI ANCA', '2024-11-20', 1, 1, 1, 1, 2),
(948, 'PROTESI GINOCCHIO', '2024-11-21', 1, 11, 4, 1, 1);

INSERT INTO `intervento` (`ID`, `descrizione_intervento`, `data_intervento`, `id_struttura`, `id_tipo_impianto`, `id_medico`, `id_azienda`, `id_specialist`) VALUES
(949, 'PROTESI GINOCCHIO', '2024-11-21', 1, 11, 4, 1, 1),
(950, 'PROTESI MONO', '2024-11-21', 1, 25, 5, 1, 1),
(951, 'PROTESI ANCA', '2024-11-21', 1, 15, 5, 2, 4),
(952, 'PROTESI GINOCCHIO', '2024-11-21', 1, 5, 5, 3, 29),
(953, 'FRATTURA MANO ', '2024-11-21', 1, 84, 5, 1, 1),
(954, 'PROTESI GINOCCHIO', '2024-11-20', 1, 4, 6, 2, 4),
(955, 'PROTESI ANCA', '2024-11-22', 1, 1, 1, 1, 1),
(956, 'PROTESI GINOCCHIO', '2024-11-22', 1, 3, 1, 1, 1),
(957, 'PROTESI ANCA', '2024-11-22', 1, 15, 1, 2, 24),
(958, 'PROTESI GINOCCHIO', '2024-11-22', 1, 11, 3, 1, 1),
(959, 'PROTESI ANCA', '2024-11-25', 1, 9, 1, 3, 3),
(960, 'PROTESI ANCA', '2024-11-25', 1, 15, 1, 2, 4),
(961, 'PROTESI MONO', '2024-11-25', 1, 10, 1, 2, 4),
(962, 'PROTESI GINOCCHIO', '2024-11-26', 1, 4, 3, 2, 4),
(963, 'FRATTURA MANO ', '2024-11-26', 1, 83, 5, 1, 1),
(964, 'PROTESI ANCA', '2024-11-27', 1, 6, 1, 1, 2),
(965, 'PROTESI ANCA', '2024-11-27', 1, 6, 1, 1, 2),
(966, 'PROTESI GINOCCHIO', '2024-11-27', 1, 3, 1, 1, 7),
(967, 'PROTESI ANCA', '2024-11-27', 1, 9, 1, 3, 3),
(968, 'PROTESI GINOCCHIO', '2024-11-27', 1, 4, 1, 2, 7),
(969, 'FRATTURA BACINO', '2024-11-27', 9, 83, 30, 1, 1),
(970, 'PROTESI ANCA', '2024-11-28', 1, 9, 5, 3, 3),
(971, 'PROTESI ANCA', '2024-11-28', 1, 9, 4, 3, 3),
(972, 'PROTESI ANCA', '2024-11-28', 1, 9, 4, 3, 3),
(973, 'PROTESI ANCA', '2024-11-28', 1, 15, 5, 2, 4),
(974, 'PROTESI GINOCCHIO', '2024-11-28', 1, 28, 4, 1, 1),
(975, 'PROTESI GINOCCHIO', '2024-11-28', 1, 29, 4, 1, 1),
(976, 'PROTESI MONO', '2024-11-28', 1, 25, 5, 1, 1),
(977, 'FRATTURA CLAVICOLA', '2024-11-28', 1, 83, 5, 1, 1),
(978, 'FRATTURA PERONE', '2024-11-28', 1, 43, 5, 1, 1),
(979, 'PROTESI ANCA', '2024-11-29', 1, 9, 1, 3, 8),
(980, 'REVISIONE GINOCCHIO', '2024-11-29', 1, 32, 1, 2, 4),
(981, 'PROTESI ANCA', '2024-11-29', 1, 1, 1, 1, 7),
(982, 'PROTESI GINOCCHIO', '2024-11-29', 1, 11, 3, 1, 7),
(983, 'ENDO PROTESI', '2024-11-28', 3, 17, 9, 1, 1),
(984, 'PROTESI ANCA', '2024-12-02', 1, 9, 1, 3, 3),
(985, 'REVISIONE GINOCCHIO', '2024-12-02', 1, 32, 1, 2, 20),
(986, 'PROTESI GINOCCHIO', '2024-12-02', 1, 4, 1, 2, 4),
(987, 'ENDO PROTESI', '2024-12-02', 3, 17, 9, 1, 1),
(988, 'PROTESI GINOCCHIO', '2024-12-03', 1, 5, 3, 3, 8),
(989, 'PROTESI GINOCCHIO', '2024-12-03', 1, 11, 3, 1, 2),
(990, 'FRATTURA FEMORE', '2024-12-03', 1, 20, 3, 1, 2),
(991, 'PROTESI ANCA', '2024-12-04', 1, 6, 1, 1, 2),
(992, 'PROTESI GINOCCHIO', '2024-12-04', 1, 3, 1, 1, 2),
(993, 'PROTESI GINOCCHIO', '2024-12-04', 1, 3, 1, 1, 2),
(994, 'PROTESI ANCA', '2024-12-04', 1, 9, 1, 3, 3),
(995, 'PROTESI MONO', '2024-12-04', 1, 10, 1, 2, 4),
(996, 'PROTESI ANCA', '2024-12-04', 1, 15, 1, 2, 4),
(997, 'PROTESI GINOCCHIO', '2024-12-05', 1, 11, 4, 1, 1),
(998, 'REVISIONE GINOCCHIO', '2024-12-05', 1, 40, 4, 1, 1),
(999, 'PROTESI ANCA', '2024-12-05', 1, 1, 5, 1, 1),
(1000, 'REVISIONE GINOCCHIO', '2024-12-05', 1, 32, 5, 2, 4),
(1001, 'PROTESI GINOCCHIO', '2024-12-05', 1, 5, 5, 3, 8),
(1002, 'PROTESI GINOCCHIO', '2024-12-06', 1, 11, 4, 1, 2),
(1003, 'PROTESI ANCA', '2024-12-06', 1, 9, 4, 3, 3),
(1004, 'PROTESI ANCA', '2024-12-06', 1, 9, 4, 3, 3),
(1005, 'PROTESI GINOCCHIO', '2024-12-06', 1, 5, 4, 3, 3),
(1006, 'PROTESI GINOCCHIO', '2024-12-06', 1, 11, 3, 1, 2),
(1007, 'PROTESI GINOCCHIO', '2024-12-09', 1, 4, 7, 2, 4),
(1008, 'PROTESI MONO', '2024-12-09', 1, 10, 1, 2, 4),
(1009, 'PROTESI ANCA', '2024-12-09', 1, 1, 1, 1, 2),
(1010, 'PROTESI GINOCCHIO', '2024-12-09', 1, 3, 1, 1, 2),
(1011, 'PROTESI GINOCCHIO', '2024-12-10', 1, 4, 1, 2, 4),
(1012, 'PROTESI GINOCCHIO', '2024-12-10', 1, 4, 1, 1, 4),
(1013, 'PROTESI GINOCCHIO', '2024-12-10', 1, 3, 1, 1, 4),
(1014, 'REVISIONE GINOCCHIO', '2024-12-10', 1, 32, 1, 2, 13),
(1015, 'PROTESI ANCA', '2024-12-10', 9, 1, 30, 1, 1),
(1016, 'FRATTURA BACINO', '2024-12-10', 9, 83, 30, 1, 1),
(1017, 'PROTESI ANCA', '2024-12-03', 9, 1, 30, 1, 1),
(1018, 'FRATTURA FEMORE', '2024-12-11', 1, 20, 3, 1, 1),
(1019, 'FRATTURA TIBIA', '2024-12-11', 1, 82, 5, 1, 1),
(1020, 'PROTESI CAVIGLIA ', '2024-12-12', 1, 61, 5, 1, 7),
(1021, 'PROTESI ANCA', '2024-12-12', 1, 9, 5, 3, 3),
(1022, 'REVISIONE SPALLA', '2024-12-12', 1, 65, 6, 3, 3),
(1023, 'FRATTURA BACINO', '2024-12-13', 9, 83, 30, 1, 1),
(1024, 'PROTESI ANCA', '2024-12-11', 3, 17, 14, 1, 1),
(1025, 'PROTESI ANCA', '2024-12-16', 1, 1, 1, 1, 2),
(1026, 'PROTESI GINOCCHIO', '2024-12-16', 1, 3, 1, 1, 2),
(1027, 'PROTESI GINOCCHIO', '2024-12-16', 1, 4, 1, 2, 4),
(1028, 'PROTESI GINOCCHIO', '2024-12-18', 1, 3, 1, 1, 7),
(1029, 'PROTESI GINOCCHIO', '2024-12-18', 1, 3, 1, 1, 7),
(1030, 'PROTESI ANCA', '2024-12-18', 1, 9, 1, 3, 3),
(1031, 'PROTESI ANCA', '2024-12-18', 1, 15, 1, 2, 4),
(1032, 'PROTESI GINOCCHIO', '2024-12-18', 1, 4, 1, 2, 4),
(1033, 'PROTESI GINOCCHIO', '2024-12-18', 1, 4, 1, 2, 4),
(1034, 'REVISIONE ANCA', '2024-12-18', 9, 40, 30, 1, 1),
(1035, 'PROTESI ANCA', '2024-12-19', 1, 15, 5, 2, 4),
(1036, 'FRATTURA CLAVICOLA', '2024-12-19', 1, 52, 5, 1, 7),
(1037, 'FRATTURA GOMITO', '2024-12-19', 1, 83, 5, 1, 7),
(1038, 'PROTESI GINOCCHIO', '2024-12-20', 1, 3, 1, 1, 7),
(1039, 'PROTESI ANCA', '2024-12-20', 1, 1, 1, 1, 7),
(1040, 'REVISIONE GINOCCHIO', '2024-12-20', 1, 40, 1, 1, 1),
(1041, 'REVISIONE GINOCCHIO', '2024-12-20', 1, 46, 1, 4, 30),
(1042, 'ENDO PROTESI', '2024-12-20', 3, 17, 9, 1, 1),
(1043, 'FRATTURA BACINO', '2024-12-27', 9, 83, 30, 1, 1);



INSERT INTO `medico` (`ID`, `nome`, `cognome`) VALUES
(20, 'ALFIO', 'AZAZZARA\''),
(13, 'ANTONIO', 'BRANDO'),
(11, 'ANTONIO ', 'IIRILLO'),
(17, 'ANTONIO', 'LAGANA\''),
(29, 'BRUNO', 'IANNO '),
(16, 'DR', 'IOELE '),
(5, 'ENZO', 'MACRA\''),
(1, 'ERMES ', 'GIUZIO '),
(27, 'FEDERICO ', 'DE MEO '),
(7, 'FRANCESCO', 'RANUCCIO'),
(21, 'FRANCESCO ', 'SANZO '),
(14, 'FRANCO ', 'OLIVERIO '),
(25, 'GIANLUCA ', 'MELITO '),
(10, 'GIULIO', 'PUGLIESI '),
(26, 'GIUSEPPE', 'CELESATINO '),
(19, 'GUIDO ', 'ZAVETTIERI '),
(15, 'IPPOLITO', 'MENNITI'),
(22, 'LEONARDO', 'PIRO'),
(30, 'LIVIO', 'PERTICONE '),
(9, 'LORIS ', 'BROCCOLO'),
(24, 'LUCA ', 'VENA '),
(23, 'MASSIMARIANO ', 'BISIGNANI '),
(28, 'MICHELE ', 'SORIANO'),
(3, 'PINO', 'BARILARO'),
(4, 'ROBERTO', 'SIMONETTA'),
(12, 'VALENTINO', 'LIO'),
(8, 'VALERIO ', 'MASTRO'),
(6, 'VALERIO', 'MASTROIANNI');



INSERT INTO `specialist` (`ID`, `specialista`) VALUES
(8, 'AIUTO LUPPINO'),
(9, 'CARMINE'),
(1, 'DANILO '),
(23, 'DANILO / ANGELO'),
(27, 'DANILO / ANTONIO'),
(10, 'DANILO / CICCIO '),
(7, 'DANILO / GERRY '),
(22, 'DANILO / GERRY / CICCIO '),
(17, 'DANILO / GERRY / PEPPE '),
(15, 'DANILO / PEPPE'),
(25, 'DANILO / VALENTINA '),
(2, 'GERRY'),
(21, 'GERRY / CICCIO'),
(18, 'GERRY / PEPPE'),
(30, 'LA VECCHIA '),
(3, 'LUPPINO'),
(29, 'LUPPINO / DOMENICO'),
(24, 'NICOLAS '),
(28, 'PEPPE'),
(4, 'POSA'),
(13, 'POSA / RODOLFO'),
(5, 'RICCARDO'),
(16, 'RIGANELLO'),
(20, 'RODOLFO'),
(6, 'RODOLFO / CARMINE'),
(19, 'TANGARI'),
(14, 'VALENTINA / GERRY '),
(26, 'ZARRO ');



INSERT INTO `struttura` (`ID`, `nome_struttura`) VALUES
(4, 'CAMINITI'),
(10, 'CLINICA SCARNATI'),
(13, 'IOMI REGGIO '),
(3, 'OSPEDALE CROTONE '),
(7, 'OSPEDALE DI LOCRI '),
(6, 'OSPEDALE POLISRTENA '),
(9, 'OSPEDALE PUGLIESE '),
(11, 'OSPEDALE RIUNITI DI REGGIO '),
(12, 'OSPEDALE ROSSANO CORIGLIANO '),
(5, 'OSPEDALE SOVERATO'),
(15, 'OSPEDALE VIBO'),
(1, 'VDS '),
(14, 'VILLA MICHELINO'),
(8, 'VILLA SERENA ');



INSERT INTO `tipo_impianto` (`ID`, `descrizione_tipo_impianto`) VALUES
(22, 'ANCA FITMORE'),
(9, 'ANCA LIMA'),
(45, 'ANCA LINK'),
(6, 'ANCA MAKO'),
(77, 'ANCA MEDACTA '),
(1, 'ANCA STRYKER '),
(15, 'ANCA ZIMMER'),
(26, 'BIOMET 360'),
(56, 'BLOCCO SPAZIATORE + STIMULAN '),
(65, 'BLOCCO SPAZIATORE SPALLA '),
(27, 'CAPITELLO TORNIER '),
(30, 'CHIODO CTIEFFE'),
(20, 'CHIODO ELOS '),
(82, 'CHIODO T2'),
(34, 'CLAVICOLA STRYKER '),
(79, 'COTILE CEMENTATO STRYKER '),
(41, 'COTILE STRYKER '),
(23, 'COTILE STRYKER - ANCA LINK'),
(74, 'DOPPIA MOBILIT STRYKER '),
(63, 'ENDO MEDACTA '),
(17, 'ENDO STRYKER '),
(29, 'ENDOMODEL LINK '),
(32, 'GINOCCHIO 360'),
(46, 'GINOCCHIO DE PUY'),
(5, 'GINOCCHIO LIMA'),
(59, 'GINOCCHIO MAKO '),
(3, 'GINOCCHIO MEDACTA '),
(8, 'GINOCCHIO MEDACTA ANALLERGICO'),
(36, 'GINOCCHIO MEDACTA ANALLERGICO PS '),
(12, 'GINOCCHIO PERSONA'),
(78, 'GINOCCHIO ROSA'),
(11, 'GINOCCHIO STRYKER '),
(28, 'GINOCCHIO STRYKER - TIB DIFF'),
(4, 'GINOCCHIO VANGUARD'),
(43, 'KITE INTRAUMA '),
(44, 'KITRE INTRAUMA '),
(84, 'MINI FRAMMENTI STRYKER '),
(35, 'MONO MAKO'),
(25, 'MONO MEDACTA '),
(54, 'MONO MEDACTA ANALLERGICA '),
(10, 'MONO OXFORD'),
(18, 'MP LINK'),
(42, 'PFF INTRAUMA '),
(67, 'PLACCA BACINO STRYKER '),
(52, 'PLACCA CLAVICOLA'),
(68, 'PLACCA FEMORE ZIMMER'),
(33, 'PLACCA MED E LAT TIBIA PROSSIMALE '),
(75, 'PLACCA OMERO STRYKER'),
(60, 'PLACCA PERONE STRYKER '),
(24, 'PLACCA POLSO INTRAUMA '),
(53, 'PLACCA POSTERIORE LATERALE DISTALE OMERO STRYKER'),
(48, 'PLACCA PROSS MEDIALE TIB STRYKER '),
(50, 'PLACCA PROSSIMALE OMERO STRYKER '),
(83, 'PLACCA STRYKER '),
(61, 'PROTESI CAVIGLIA INFINITY '),
(58, 'RESTORATION STRYKER '),
(57, 'RESTORETION STRYKER '),
(64, 'REVISIONE INSERTO '),
(31, 'REVISIONE STRYKER '),
(81, 'REVISIONE TESTA ED INSERTO LIMA '),
(49, 'SPALLA EXATEC'),
(71, 'SPALLA LIMA'),
(21, 'SPALLA PERFORME'),
(7, 'SPALLA TORNIER'),
(72, 'SPALLA ZIMMER'),
(40, 'SPAZIATORE LINK '),
(80, 'STELO LINK CEMENTATO '),
(19, 'T2 ALFA STRYKER'),
(76, 'VANGARD NICHEL FREE '),
(37, 'VARIAX MANO '),
(13, 'VITE RONDO'),
(51, 'VITI AUTOFIX '),
(16, 'ZIMMER PERSONA'),
(14, 'ZIMMER ROSA');




























